# Exported by Open CASCADE Technology [dev.opencascade.org]
#  Vertices: 3355
#     Faces: 6008
# Comments: STLB ATF 14.23.1.0                                                              x
g NP1_DockingHolder.stl
v 3.430785 -16.502455 -9.190392
v 3.450000 -16.600000 -9.200000
v 3.240983 -16.514065 -9.230536
v 3.200000 -16.600000 -9.266988
v 3.186108 -16.520161 -9.259490
v 3.049627 -16.524136 -9.379067
v 3.139311 -16.427341 -9.230562
v 3.018450 -16.433197 -9.339731
v 2.941114 -16.239374 -9.087337
v 2.864566 -16.243193 -9.160976
v 2.799519 -16.166676 -8.977818
v 2.747202 -16.168636 -9.029218
v 2.450000 -16.100000 -8.700000
v 3.016987 -16.600000 -9.450000
v 2.962227 -16.507507 -9.537164
v 2.931743 -16.408659 -9.475416
v 2.796644 -16.227133 -9.241129
v 2.697623 -16.160381 -9.082664
v 2.950000 -16.600000 -9.700001
v 2.940392 -16.502455 -9.680785
v 2.911940 -16.408657 -9.623879
v 2.803553 -16.246447 -9.407106
v 2.641342 -16.138060 -9.082684
v 2.832683 -16.138060 -8.891342
v 2.817840 -16.163662 -8.960911
v 3.157107 -16.246447 -9.053554
v 2.968659 -16.233503 -9.064262
v 3.186267 -16.418354 -9.201550
v 3.373879 -16.408657 -9.161940
v 3.450000 -21.500000 -9.200000
v 3.200000 -21.500000 -9.266988
v 3.016987 -21.500000 -9.450000
v 2.950000 -21.500000 -9.700001
v 2.883013 -21.750000 -9.700001
v 2.989237 -21.675207 -9.450000
v 3.163292 -21.731762 -9.266988
v 3.373879 -21.882685 -9.200000
v 3.056763 -21.940840 -9.266988
v 3.157107 -22.207108 -9.200000
v 2.890839 -22.106762 -9.266988
v 2.832683 -22.423880 -9.200000
v 2.681763 -22.213291 -9.266988
v 2.450000 -22.500000 -9.200000
v 2.450000 -22.250000 -9.266988
v 2.450000 -22.066986 -9.450000
v 2.625209 -22.039238 -9.450000
v 2.783267 -21.958702 -9.450000
v 2.908702 -21.833267 -9.450000
v 2.450000 -22.000000 -9.700001
v 2.700000 -21.933012 -9.700001
v -2.450000 -22.500000 -9.200000
v -2.450000 -22.250000 -9.266988
v -2.450000 -22.066986 -9.450000
v -2.450000 -22.000000 -9.700001
v -2.700000 -21.933012 -9.700001
v -2.625209 -22.039238 -9.450000
v -2.681763 -22.213291 -9.266988
v -2.832683 -22.423880 -9.200000
v -2.890839 -22.106762 -9.266988
v -3.157107 -22.207108 -9.200000
v -3.056763 -21.940840 -9.266988
v -3.373879 -21.882685 -9.200000
v -3.163292 -21.731762 -9.266988
v -3.450000 -21.500000 -9.200000
v -3.200000 -21.500000 -9.266988
v -3.016987 -21.500000 -9.450000
v -2.989237 -21.675207 -9.450000
v -2.908702 -21.833267 -9.450000
v -2.783267 -21.958702 -9.450000
v -2.950000 -21.500000 -9.700001
v -2.883013 -21.750000 -9.700001
v -2.950000 -16.600000 -9.700001
v -3.016987 -16.600000 -9.450000
v -3.200000 -16.600000 -9.266988
v -3.450000 -16.600000 -9.200000
v -2.940392 -16.502455 -9.680785
v -2.962227 -16.507507 -9.537164
v -3.049627 -16.524136 -9.379067
v -3.186108 -16.520161 -9.259490
v -3.240983 -16.514065 -9.230536
v -3.139311 -16.427341 -9.230562
v -3.186267 -16.418354 -9.201550
v -2.941114 -16.239374 -9.087337
v -2.968659 -16.233503 -9.064262
v -2.714193 -16.137281 -8.910609
v -2.727685 -16.135557 -8.897697
v -2.450000 -16.100000 -8.700000
v -3.430785 -16.502455 -9.190392
v -3.373879 -16.408657 -9.161940
v -3.157107 -16.246447 -9.053554
v -2.832683 -16.138060 -8.891342
v -2.803553 -16.246447 -9.407106
v -2.796644 -16.227133 -9.241129
v -2.641342 -16.138060 -9.082684
v -2.637448 -16.133678 -8.988568
v -2.931743 -16.408659 -9.475416
v -2.911940 -16.408657 -9.623879
v -2.675256 -16.138403 -8.949168
v -3.018450 -16.433197 -9.339731
v -2.864566 -16.243193 -9.160976
v -8.200000 -16.600000 -9.200000
v -8.200000 -23.099998 -9.200000
v 7.797369 -23.099998 -9.200000
v 6.099490 -21.099998 -9.200000
v 5.435722 -21.002010 -9.200000
v 4.822117 -20.772629 -9.200000
v 3.650000 -20.100000 -9.200000
v 3.650000 -16.600000 -9.200000
v 7.245958 -21.099998 -9.200000
v 7.448864 -21.064169 -9.200000
v 7.626174 -20.960377 -9.200000
v 7.751324 -20.798428 -9.200000
v 7.797369 -20.599998 -9.200000
v 3.650000 -16.350000 -9.133013
v 3.650000 -16.166988 -8.950000
v 3.650000 -16.100000 -8.700000
v 2.450000 -16.100000 -9.700001
v 2.700000 -16.166988 -9.700001
v 2.883013 -16.350000 -9.700001
v 2.883013 -16.350000 -9.700001
v -9.190392 -16.502455 -3.430785
v -9.200000 -16.600000 -3.450000
v -9.230536 -16.514065 -3.240983
v -9.266988 -16.600000 -3.200000
v -9.259490 -16.520161 -3.186108
v -9.379067 -16.524136 -3.049627
v -9.230562 -16.427341 -3.139311
v -9.339731 -16.433197 -3.018450
v -9.087337 -16.239374 -2.941114
v -9.160976 -16.243193 -2.864566
v -8.977818 -16.166676 -2.799519
v -9.029218 -16.168636 -2.747202
v -8.700000 -16.100000 -2.450000
v -9.450000 -16.600000 -3.016987
v -9.537164 -16.507507 -2.962227
v -9.475416 -16.408659 -2.931743
v -9.241129 -16.227133 -2.796644
v -9.082664 -16.160381 -2.697623
v -9.700001 -16.600000 -2.950000
v -9.680785 -16.502455 -2.940392
v -9.623879 -16.408657 -2.911940
v -9.407106 -16.246447 -2.803553
v -9.082684 -16.138060 -2.641342
v -8.891342 -16.138060 -2.832683
v -8.960911 -16.163662 -2.817840
v -9.053554 -16.246447 -3.157107
v -9.064262 -16.233503 -2.968659
v -9.201550 -16.418354 -3.186267
v -9.161940 -16.408657 -3.373879
v -9.200000 -21.500000 -3.450000
v -9.266988 -21.500000 -3.200000
v -9.450000 -21.500000 -3.016987
v -9.700001 -21.500000 -2.950000
v -9.700001 -21.750000 -2.883013
v -9.450000 -21.675207 -2.989237
v -9.266988 -21.731762 -3.163292
v -9.200000 -21.882685 -3.373879
v -9.266988 -21.940840 -3.056763
v -9.200000 -22.207108 -3.157107
v -9.266988 -22.106762 -2.890839
v -9.200000 -22.423880 -2.832683
v -9.266988 -22.213291 -2.681763
v -9.200000 -22.500000 -2.450000
v -9.266988 -22.250000 -2.450000
v -9.450000 -22.066986 -2.450000
v -9.450000 -22.039238 -2.625209
v -9.450000 -21.958702 -2.783267
v -9.450000 -21.833267 -2.908702
v -9.700001 -22.000000 -2.450000
v -9.700001 -21.933012 -2.700000
v -9.200000 -22.500000 2.450000
v -9.266988 -22.250000 2.450000
v -9.450000 -22.066986 2.450000
v -9.700001 -22.000000 2.450000
v -9.700001 -21.933012 2.700000
v -9.450000 -22.039238 2.625209
v -9.266988 -22.213291 2.681763
v -9.200000 -22.423880 2.832683
v -9.266988 -22.106762 2.890839
v -9.200000 -22.207108 3.157107
v -9.266988 -21.940840 3.056763
v -9.200000 -21.882685 3.373879
v -9.266988 -21.731762 3.163292
v -9.200000 -21.500000 3.450000
v -9.266988 -21.500000 3.200000
v -9.450000 -21.500000 3.016987
v -9.450000 -21.675207 2.989237
v -9.450000 -21.833267 2.908702
v -9.450000 -21.958702 2.783267
v -9.700001 -21.500000 2.950000
v -9.700001 -21.750000 2.883013
v -9.700001 -16.600000 2.950000
v -9.450000 -16.600000 3.016987
v -9.266988 -16.600000 3.200000
v -9.200000 -16.600000 3.450000
v -9.680785 -16.502455 2.940392
v -9.537164 -16.507507 2.962227
v -9.379067 -16.524136 3.049627
v -9.259490 -16.520161 3.186108
v -9.230536 -16.514065 3.240983
v -9.230562 -16.427341 3.139311
v -9.201550 -16.418354 3.186267
v -9.087337 -16.239374 2.941114
v -9.064262 -16.233503 2.968659
v -8.910609 -16.137281 2.714193
v -8.897697 -16.135557 2.727685
v -8.700000 -16.100000 2.450000
v -9.190392 -16.502455 3.430785
v -9.161940 -16.408657 3.373879
v -9.053554 -16.246447 3.157107
v -8.891342 -16.138060 2.832683
v -9.407106 -16.246447 2.803553
v -9.241129 -16.227133 2.796644
v -9.082684 -16.138060 2.641342
v -8.988568 -16.133678 2.637448
v -9.475416 -16.408659 2.931743
v -9.623879 -16.408657 2.911940
v -8.949168 -16.138403 2.675256
v -9.339731 -16.433197 3.018450
v -9.160976 -16.243193 2.864566
v -9.200000 -16.600000 3.650000
v -9.200000 -20.100000 3.650000
v -9.200000 -20.632568 4.282704
v -9.200000 -21.108982 4.958592
v -9.200000 -21.460955 5.707330
v -9.200000 -21.563204 6.109612
v -9.200000 -23.099998 7.797369
v -9.200000 -23.099998 -8.200000
v -9.200000 -16.600000 -8.200000
v -9.200000 -21.320610 7.797369
v -9.200000 -21.527718 7.461768
v -9.200000 -21.600000 7.074039
v -9.200000 -21.600000 6.522281
v -9.133013 -16.350000 -8.200000
v -8.950000 -16.166988 -8.200000
v -8.700000 -16.100000 -8.200000
v -9.700001 -16.100000 -2.450000
v -9.700001 -16.166988 -2.700000
v -9.700001 -16.350000 -2.883013
v -9.700001 -16.350000 -2.883013
v -3.430785 -16.502455 9.190392
v -3.450000 -16.600000 9.200000
v -3.240983 -16.514065 9.230536
v -3.200000 -16.600000 9.266988
v -3.186108 -16.520161 9.259490
v -3.049627 -16.524136 9.379067
v -3.139311 -16.427341 9.230562
v -3.018450 -16.433197 9.339731
v -2.941114 -16.239374 9.087337
v -2.864566 -16.243193 9.160976
v -2.799519 -16.166676 8.977818
v -2.747202 -16.168636 9.029218
v -2.450000 -16.100000 8.700000
v -3.016987 -16.600000 9.450000
v -2.962227 -16.507507 9.537164
v -2.931743 -16.408659 9.475416
v -2.796644 -16.227133 9.241129
v -2.697623 -16.160381 9.082664
v -2.950000 -16.600000 9.700001
v -2.940392 -16.502455 9.680785
v -2.911940 -16.408657 9.623879
v -2.803553 -16.246447 9.407106
v -2.641342 -16.138060 9.082684
v -2.832683 -16.138060 8.891342
v -2.817840 -16.163662 8.960911
v -3.157107 -16.246447 9.053554
v -2.968659 -16.233503 9.064262
v -3.186267 -16.418354 9.201550
v -3.373879 -16.408657 9.161940
v -3.450000 -21.500000 9.200000
v -3.200000 -21.500000 9.266988
v -3.016987 -21.500000 9.450000
v -2.950000 -21.500000 9.700001
v -2.883013 -21.750000 9.700001
v -2.989237 -21.675207 9.450000
v -3.163292 -21.731762 9.266988
v -3.373879 -21.882685 9.200000
v -3.056763 -21.940840 9.266988
v -3.157107 -22.207108 9.200000
v -2.890839 -22.106762 9.266988
v -2.832683 -22.423880 9.200000
v -2.681763 -22.213291 9.266988
v -2.450000 -22.500000 9.200000
v -2.450000 -22.250000 9.266988
v -2.450000 -22.066986 9.450000
v -2.625209 -22.039238 9.450000
v -2.783267 -21.958702 9.450000
v -2.908702 -21.833267 9.450000
v -2.450000 -22.000000 9.700001
v -2.700000 -21.933012 9.700001
v 2.450000 -22.500000 9.200000
v 2.450000 -22.250000 9.266988
v 2.450000 -22.066986 9.450000
v 2.450000 -22.000000 9.700001
v 2.700000 -21.933012 9.700001
v 2.625209 -22.039238 9.450000
v 2.681763 -22.213291 9.266988
v 2.832683 -22.423880 9.200000
v 2.890839 -22.106762 9.266988
v 3.157107 -22.207108 9.200000
v 3.056763 -21.940840 9.266988
v 3.373879 -21.882685 9.200000
v 3.163292 -21.731762 9.266988
v 3.450000 -21.500000 9.200000
v 3.200000 -21.500000 9.266988
v 3.016987 -21.500000 9.450000
v 2.989237 -21.675207 9.450000
v 2.908702 -21.833267 9.450000
v 2.783267 -21.958702 9.450000
v 2.950000 -21.500000 9.700001
v 2.883013 -21.750000 9.700001
v 2.950000 -16.600000 9.700001
v 3.016987 -16.600000 9.450000
v 3.200000 -16.600000 9.266988
v 3.450000 -16.600000 9.200000
v 2.940392 -16.502455 9.680785
v 2.962227 -16.507507 9.537164
v 3.049627 -16.524136 9.379067
v 3.186108 -16.520161 9.259490
v 3.240983 -16.514065 9.230536
v 3.139311 -16.427341 9.230562
v 3.186267 -16.418354 9.201550
v 2.941114 -16.239374 9.087337
v 2.968659 -16.233503 9.064262
v 2.714193 -16.137281 8.910609
v 2.727685 -16.135557 8.897697
v 2.450000 -16.100000 8.700000
v 3.430785 -16.502455 9.190392
v 3.373879 -16.408657 9.161940
v 3.157107 -16.246447 9.053554
v 2.832683 -16.138060 8.891342
v 2.803553 -16.246447 9.407106
v 2.796644 -16.227133 9.241129
v 2.641342 -16.138060 9.082684
v 2.637448 -16.133678 8.988568
v 2.931743 -16.408659 9.475416
v 2.911940 -16.408657 9.623879
v 2.675256 -16.138403 8.949168
v 3.018450 -16.433197 9.339731
v 2.864566 -16.243193 9.160976
v 3.650000 -16.600000 9.200000
v 3.650000 -20.100000 9.200000
v 4.822117 -20.772629 9.200000
v 5.435722 -21.002010 9.200000
v 6.099490 -21.099998 9.200000
v 7.797369 -23.099998 9.200000
v 7.245958 -21.099998 9.200000
v 7.448864 -21.064169 9.200000
v 7.626174 -20.960377 9.200000
v 7.751324 -20.798428 9.200000
v 7.797369 -20.599998 9.200000
v -7.797369 -23.099998 9.200000
v -6.110517 -21.563437 9.200000
v -5.709579 -21.461693 9.200000
v -4.961795 -21.110857 9.200000
v -4.287184 -20.636063 9.200000
v -3.655540 -20.104797 9.200000
v -3.650000 -20.100000 9.200000
v -3.650000 -16.600000 9.200000
v -6.522281 -21.600000 9.200000
v -7.074039 -21.600000 9.200000
v -7.461772 -21.527710 9.200000
v -7.797369 -21.320610 9.200000
v -3.650000 -16.350000 9.133013
v -3.650000 -16.166988 8.950000
v -3.650000 -16.100000 8.700000
v -2.450000 -16.100000 9.700001
v -2.700000 -16.166988 9.700001
v -2.883013 -16.350000 9.700001
v -2.883013 -16.350000 9.700001
v 9.190392 -16.502455 3.430785
v 9.200000 -16.600000 3.450000
v 9.230536 -16.514065 3.240983
v 9.266988 -16.600000 3.200000
v 9.259490 -16.520161 3.186108
v 9.379067 -16.524136 3.049627
v 9.230562 -16.427341 3.139311
v 9.339731 -16.433197 3.018450
v 9.087337 -16.239374 2.941114
v 9.160976 -16.243193 2.864566
v 8.977818 -16.166676 2.799519
v 9.029218 -16.168636 2.747202
v 8.700000 -16.100000 2.450000
v 9.450000 -16.600000 3.016987
v 9.537164 -16.507507 2.962227
v 9.475416 -16.408659 2.931743
v 9.241129 -16.227133 2.796644
v 9.082664 -16.160381 2.697623
v 9.700001 -16.600000 2.950000
v 9.680785 -16.502455 2.940392
v 9.623879 -16.408657 2.911940
v 9.407106 -16.246447 2.803553
v 9.082684 -16.138060 2.641342
v 8.891342 -16.138060 2.832683
v 8.960911 -16.163662 2.817840
v 9.053554 -16.246447 3.157107
v 9.064262 -16.233503 2.968659
v 9.201550 -16.418354 3.186267
v 9.161940 -16.408657 3.373879
v 9.200000 -21.500000 3.450000
v 9.266988 -21.500000 3.200000
v 9.450000 -21.500000 3.016987
v 9.700001 -21.500000 2.950000
v 9.700001 -21.750000 2.883013
v 9.450000 -21.675207 2.989237
v 9.266988 -21.731762 3.163292
v 9.200000 -21.882685 3.373879
v 9.266988 -21.940840 3.056763
v 9.200000 -22.207108 3.157107
v 9.266988 -22.106762 2.890839
v 9.200000 -22.423880 2.832683
v 9.266988 -22.213291 2.681763
v 9.200000 -22.500000 2.450000
v 9.266988 -22.250000 2.450000
v 9.450000 -22.066986 2.450000
v 9.450000 -22.039238 2.625209
v 9.450000 -21.958702 2.783267
v 9.450000 -21.833267 2.908702
v 9.700001 -22.000000 2.450000
v 9.700001 -21.933012 2.700000
v 9.200000 -22.500000 -2.450000
v 9.266988 -22.250000 -2.450000
v 9.450000 -22.066986 -2.450000
v 9.700001 -22.000000 -2.450000
v 9.700001 -21.933012 -2.700000
v 9.450000 -22.039238 -2.625209
v 9.266988 -22.213291 -2.681763
v 9.200000 -22.423880 -2.832683
v 9.266988 -22.106762 -2.890839
v 9.200000 -22.207108 -3.157107
v 9.266988 -21.940840 -3.056763
v 9.200000 -21.882685 -3.373879
v 9.266988 -21.731762 -3.163292
v 9.200000 -21.500000 -3.450000
v 9.266988 -21.500000 -3.200000
v 9.450000 -21.500000 -3.016987
v 9.450000 -21.675207 -2.989237
v 9.450000 -21.833267 -2.908702
v 9.450000 -21.958702 -2.783267
v 9.700001 -21.500000 -2.950000
v 9.700001 -21.750000 -2.883013
v 9.700001 -16.600000 -2.950000
v 9.450000 -16.600000 -3.016987
v 9.266988 -16.600000 -3.200000
v 9.200000 -16.600000 -3.450000
v 9.680785 -16.502455 -2.940392
v 9.537164 -16.507507 -2.962227
v 9.379067 -16.524136 -3.049627
v 9.259490 -16.520161 -3.186108
v 9.230536 -16.514065 -3.240983
v 9.230562 -16.427341 -3.139311
v 9.201550 -16.418354 -3.186267
v 9.087337 -16.239374 -2.941114
v 9.064262 -16.233503 -2.968659
v 8.910609 -16.137281 -2.714193
v 8.897697 -16.135557 -2.727685
v 8.700000 -16.100000 -2.450000
v 9.190392 -16.502455 -3.430785
v 9.161940 -16.408657 -3.373879
v 9.053554 -16.246447 -3.157107
v 8.891342 -16.138060 -2.832683
v 9.407106 -16.246447 -2.803553
v 9.241129 -16.227133 -2.796644
v 9.082684 -16.138060 -2.641342
v 8.988568 -16.133678 -2.637448
v 9.475416 -16.408659 -2.931743
v 9.623879 -16.408657 -2.911940
v 8.949168 -16.138403 -2.675256
v 9.339731 -16.433197 -3.018450
v 9.160976 -16.243193 -2.864566
v 9.200000 -16.600000 -3.650000
v 9.200000 -20.100000 -3.650000
v 9.200000 -20.772629 -4.822117
v 9.200000 -21.002010 -5.435722
v 9.200000 -21.099998 -6.099490
v 9.200000 -23.099998 -7.797369
v 9.200000 -21.099998 -7.245958
v 9.200000 -21.064169 -7.448864
v 9.200000 -20.960377 -7.626174
v 9.200000 -20.798428 -7.751324
v 9.200000 -20.599998 -7.797369
v 9.200000 -23.099998 7.797369
v 9.200000 -21.099998 6.099490
v 9.200000 -21.002010 5.435722
v 9.200000 -20.772629 4.822117
v 9.200000 -20.100000 3.650000
v 9.200000 -16.600000 3.650000
v 9.200000 -21.099998 7.245958
v 9.200000 -21.064169 7.448864
v 9.200000 -20.960377 7.626174
v 9.200000 -20.798428 7.751324
v 9.200000 -20.599998 7.797369
v 9.133013 -16.350000 3.650000
v 8.950000 -16.166988 3.650000
v 8.700000 -16.100000 3.650000
v 9.700001 -16.100000 2.450000
v 9.700001 -16.166988 2.700000
v 9.700001 -16.350000 2.883013
v 9.700001 -16.350000 2.883013
v 8.200000 -18.447416 1.854560
v 10.200000 -18.416275 2.054482
v 8.200000 -19.049999 1.950000
v 10.200000 -19.049999 2.150000
v 10.200000 -19.683723 2.054482
v 10.200000 -17.838861 1.776413
v 8.200000 -17.903820 1.577583
v 10.200000 -17.369062 1.340503
v 8.200000 -17.472418 1.146181
v 10.200000 -17.048622 0.785483
v 8.200000 -17.195438 0.602583
v 10.200000 -16.906012 0.160670
v 8.200000 -17.100000 0.000000
v 10.200000 -16.953905 -0.478420
v 8.200000 -17.195438 -0.602583
v 10.200000 -17.188046 -1.075000
v 8.200000 -17.472418 -1.146181
v 10.200000 -17.587627 -1.576061
v 8.200000 -17.903820 -1.577583
v 10.200000 -18.117149 -1.937083
v 8.200000 -18.447416 -1.854560
v 10.200000 -18.729559 -2.125986
v 8.200000 -19.049999 -1.950000
v 10.200000 -19.370441 -2.125986
v 8.200000 -19.652584 -1.854560
v 10.200000 -19.982851 -1.937083
v 8.200000 -20.196180 -1.577583
v 10.200000 -20.512371 -1.576061
v 8.200000 -20.627583 -1.146181
v 10.200000 -20.911953 -1.075000
v 8.200000 -20.904560 -0.602583
v 10.200000 -21.146095 -0.478420
v 8.200000 -21.000000 0.000000
v 10.200000 -21.193989 0.160670
v 8.200000 -20.904560 0.602583
v 10.200000 -21.051378 0.785483
v 8.200000 -20.627583 1.146181
v 10.200000 -20.730936 1.340503
v 8.200000 -20.196180 1.577583
v 10.200000 -20.261137 1.776413
v 8.200000 -19.652584 1.854560
v 10.200000 -21.500000 2.450000
v 10.200000 -19.049999 2.150000
v 10.200000 -16.600000 2.450000
v 10.200000 -18.416275 2.054482
v 10.200000 -17.838861 1.776413
v 10.200000 -21.500000 -2.450000
v 10.200000 -21.193989 0.160670
v 10.200000 -21.051378 0.785483
v 10.200000 -20.730936 1.340503
v 10.200000 -16.600000 -2.450000
v 10.200000 -19.370441 -2.125986
v 10.200000 -19.982851 -1.937083
v 10.200000 -20.512371 -1.576061
v 10.200000 -16.906012 0.160670
v 10.200000 -16.953905 -0.478420
v 10.200000 -17.188046 -1.075000
v 10.200000 -17.369062 1.340503
v 10.200000 -17.048622 0.785483
v 10.200000 -17.587627 -1.576061
v 10.200000 -18.117149 -1.937083
v 10.200000 -18.729559 -2.125986
v 10.200000 -20.911953 -1.075000
v 10.200000 -21.146095 -0.478420
v 10.200000 -20.261137 1.776413
v 10.200000 -19.683723 2.054482
v 5.323465 -20.742374 -0.968696
v 5.587444 -20.550001 -1.245994
v 5.650002 -20.104877 -1.640040
v 5.726338 -19.561718 -1.881660
v 5.809359 -18.970997 -1.948399
v 5.891347 -18.387619 -1.834053
v 5.964684 -17.865803 -1.549250
v 6.022552 -17.454044 -1.120459
v 6.059575 -17.190617 -0.587532
v 6.072309 -17.100000 0.000000
v 6.059575 -17.190617 0.587532
v 6.022552 -17.454044 1.120459
v 5.964684 -17.865803 1.549250
v 5.891347 -18.387619 1.834053
v 5.809359 -18.970997 1.948399
v 5.726338 -19.561718 1.881660
v 5.650002 -20.104877 1.640040
v 5.587444 -20.550001 1.245994
v 5.323465 -20.742374 0.968696
v 5.129049 -20.884054 0.662382
v 5.010020 -20.970795 0.336227
v 4.969944 -21.000000 0.000000
v 5.010020 -20.970795 -0.336227
v 5.129049 -20.884054 -0.662382
v -1.854560 -18.447416 8.200000
v -2.054482 -18.416275 10.200000
v -1.950000 -19.049999 8.200000
v -2.150000 -19.049999 10.200000
v -2.054482 -19.683723 10.200000
v -1.776413 -17.838861 10.200000
v -1.577583 -17.903820 8.200000
v -1.340503 -17.369062 10.200000
v -1.146181 -17.472418 8.200000
v -0.785483 -17.048622 10.200000
v -0.602583 -17.195438 8.200000
v -0.160670 -16.906012 10.200000
v 0.000000 -17.100000 8.200000
v 0.478420 -16.953905 10.200000
v 0.602583 -17.195438 8.200000
v 1.075000 -17.188046 10.200000
v 1.146181 -17.472418 8.200000
v 1.576061 -17.587627 10.200000
v 1.577583 -17.903820 8.200000
v 1.937083 -18.117149 10.200000
v 1.854560 -18.447416 8.200000
v 2.125986 -18.729559 10.200000
v 1.950000 -19.049999 8.200000
v 2.125986 -19.370441 10.200000
v 1.854560 -19.652584 8.200000
v 1.937083 -19.982851 10.200000
v 1.577583 -20.196180 8.200000
v 1.576061 -20.512371 10.200000
v 1.146181 -20.627583 8.200000
v 1.075000 -20.911953 10.200000
v 0.602583 -20.904560 8.200000
v 0.478420 -21.146095 10.200000
v 0.000000 -21.000000 8.200000
v -0.160670 -21.193989 10.200000
v -0.602583 -20.904560 8.200000
v -0.785483 -21.051378 10.200000
v -1.146181 -20.627583 8.200000
v -1.340503 -20.730936 10.200000
v -1.577583 -20.196180 8.200000
v -1.776413 -20.261137 10.200000
v -1.854560 -19.652584 8.200000
v -2.450000 -21.500000 10.200000
v -2.150000 -19.049999 10.200000
v -2.450000 -16.600000 10.200000
v -2.054482 -18.416275 10.200000
v -1.776413 -17.838861 10.200000
v 2.450000 -21.500000 10.200000
v -0.160670 -21.193989 10.200000
v -0.785483 -21.051378 10.200000
v -1.340503 -20.730936 10.200000
v 2.450000 -16.600000 10.200000
v 2.125986 -19.370441 10.200000
v 1.937083 -19.982851 10.200000
v 1.576061 -20.512371 10.200000
v -0.160670 -16.906012 10.200000
v 0.478420 -16.953905 10.200000
v 1.075000 -17.188046 10.200000
v -1.340503 -17.369062 10.200000
v -0.785483 -17.048622 10.200000
v 1.576061 -17.587627 10.200000
v 1.937083 -18.117149 10.200000
v 2.125986 -18.729559 10.200000
v 1.075000 -20.911953 10.200000
v 0.478420 -21.146095 10.200000
v -1.776413 -20.261137 10.200000
v -2.054482 -19.683723 10.200000
v 1.331533 -20.474613 4.503328
v 1.643168 -20.100000 4.700000
v 1.882958 -19.556921 4.700000
v 1.948227 -18.966860 4.700000
v 1.832925 -18.384504 4.700000
v 1.547740 -17.863829 4.700000
v 1.119103 -17.453094 4.700000
v 0.586743 -17.190367 4.700000
v 0.000000 -17.100000 4.700000
v -0.586743 -17.190367 4.700000
v -1.119103 -17.453094 4.700000
v -1.547740 -17.863829 4.700000
v -1.832925 -18.384504 4.700000
v -1.948227 -18.966860 4.700000
v -1.882958 -19.556921 4.700000
v -1.643168 -20.100000 4.700000
v -1.331533 -20.474613 4.503328
v -0.936750 -20.760262 4.353362
v -0.483470 -20.939114 4.259464
v 0.000000 -21.000000 4.227500
v 0.483470 -20.939114 4.259464
v 0.936750 -20.760262 4.353362
v -8.200000 -18.447416 -1.854560
v -10.200000 -18.416275 -2.054482
v -8.200000 -19.049999 -1.950000
v -10.200000 -19.049999 -2.150000
v -10.200000 -19.683723 -2.054482
v -10.200000 -17.838861 -1.776413
v -8.200000 -17.903820 -1.577583
v -10.200000 -17.369062 -1.340503
v -8.200000 -17.472418 -1.146181
v -10.200000 -17.048622 -0.785483
v -8.200000 -17.195438 -0.602583
v -10.200000 -16.906012 -0.160670
v -8.200000 -17.100000 0.000000
v -10.200000 -16.953905 0.478420
v -8.200000 -17.195438 0.602583
v -10.200000 -17.188046 1.075000
v -8.200000 -17.472418 1.146181
v -10.200000 -17.587627 1.576061
v -8.200000 -17.903820 1.577583
v -10.200000 -18.117149 1.937083
v -8.200000 -18.447416 1.854560
v -10.200000 -18.729559 2.125986
v -8.200000 -19.049999 1.950000
v -10.200000 -19.370441 2.125986
v -8.200000 -19.652584 1.854560
v -10.200000 -19.982851 1.937083
v -8.200000 -20.196180 1.577583
v -10.200000 -20.512371 1.576061
v -8.200000 -20.627583 1.146181
v -10.200000 -20.911953 1.075000
v -8.200000 -20.904560 0.602583
v -10.200000 -21.146095 0.478420
v -8.200000 -21.000000 0.000000
v -10.200000 -21.193989 -0.160670
v -8.200000 -20.904560 -0.602583
v -10.200000 -21.051378 -0.785483
v -8.200000 -20.627583 -1.146181
v -10.200000 -20.730936 -1.340503
v -8.200000 -20.196180 -1.577583
v -10.200000 -20.261137 -1.776413
v -8.200000 -19.652584 -1.854560
v -10.200000 -21.500000 -2.450000
v -10.200000 -19.049999 -2.150000
v -10.200000 -16.600000 -2.450000
v -10.200000 -18.416275 -2.054482
v -10.200000 -17.838861 -1.776413
v -10.200000 -21.500000 2.450000
v -10.200000 -21.193989 -0.160670
v -10.200000 -21.051378 -0.785483
v -10.200000 -20.730936 -1.340503
v -10.200000 -16.600000 2.450000
v -10.200000 -19.370441 2.125986
v -10.200000 -19.982851 1.937083
v -10.200000 -20.512371 1.576061
v -10.200000 -16.906012 -0.160670
v -10.200000 -16.953905 0.478420
v -10.200000 -17.188046 1.075000
v -10.200000 -17.369062 -1.340503
v -10.200000 -17.048622 -0.785483
v -10.200000 -17.587627 1.576061
v -10.200000 -18.117149 1.937083
v -10.200000 -18.729559 2.125986
v -10.200000 -20.911953 1.075000
v -10.200000 -21.146095 0.478420
v -10.200000 -20.261137 -1.776413
v -10.200000 -19.683723 -2.054482
v -5.323465 -20.742374 0.968696
v -5.587444 -20.550001 1.245994
v -5.650002 -20.104877 1.640040
v -5.726338 -19.561718 1.881660
v -5.809359 -18.970997 1.948399
v -5.891347 -18.387619 1.834053
v -5.964684 -17.865803 1.549250
v -6.022552 -17.454044 1.120459
v -6.059575 -17.190617 0.587532
v -6.072309 -17.100000 0.000000
v -6.059575 -17.190617 -0.587532
v -6.022552 -17.454044 -1.120459
v -5.964684 -17.865803 -1.549250
v -5.891347 -18.387619 -1.834053
v -5.809359 -18.970997 -1.948399
v -5.726338 -19.561718 -1.881660
v -5.650002 -20.104877 -1.640040
v -5.587444 -20.550001 -1.245994
v -5.323465 -20.742374 -0.968696
v -5.129049 -20.884054 -0.662382
v -5.010020 -20.970795 -0.336227
v -4.969944 -21.000000 0.000000
v -5.010020 -20.970795 0.336227
v -5.129049 -20.884054 0.662382
v 10.133013 -21.750000 2.450000
v 10.093484 -21.744402 2.638250
v 10.133013 -21.500000 2.700000
v 9.950000 -21.500000 2.883013
v 9.888250 -21.744402 2.843484
v 9.769896 -21.923677 2.706146
v 9.956146 -21.923677 2.519896
v 9.950000 -21.933012 2.450000
v 10.133013 -21.750000 -2.450000
v 10.123678 -21.756145 -2.519896
v 10.123678 -21.569897 -2.706146
v 10.133013 -21.500000 -2.700000
v 9.950000 -21.500000 -2.883013
v 9.944402 -21.688251 -2.843484
v 9.944402 -21.893484 -2.638250
v 9.950000 -21.933012 -2.450000
v 10.133013 -16.350000 2.450000
v 10.123678 -16.343853 2.519896
v 10.123678 -16.530104 2.706146
v 10.133013 -16.600000 2.700000
v 9.950000 -16.600000 2.883013
v 9.944402 -16.411749 2.843484
v 9.944402 -16.206516 2.638250
v 9.950000 -16.166988 2.450000
v 10.133013 -16.350000 -2.450000
v 10.093484 -16.411749 -2.694402
v 10.133013 -16.600000 -2.700000
v 9.956146 -16.530104 -2.873679
v 9.950000 -16.600000 -2.883013
v 9.769896 -16.343853 -2.873679
v 9.700001 -16.350000 -2.883013
v 9.700001 -16.166988 -2.700000
v 9.888250 -16.206516 -2.694402
v 9.700001 -16.100000 -2.450000
v 9.950000 -16.166988 -2.450000
v 8.788314 -16.100000 4.372553
v 6.647494 -16.100000 5.200000
v 6.647494 -16.100000 -5.200000
v 8.700000 -16.100000 -3.650000
v 8.788314 -16.100000 -4.372553
v 7.150000 -16.100000 -5.650000
v 9.048056 -16.100000 -5.052565
v 9.463932 -16.100000 -5.650000
v 6.686475 -16.100000 -5.723415
v 6.268322 -16.100000 -5.936475
v 5.936475 -16.100000 -6.268322
v 5.723415 -16.100000 -6.686475
v -6.647494 -16.100000 -5.200000
v 5.650000 -16.100000 -7.150000
v 4.372553 -16.100000 -8.788314
v 5.052565 -16.100000 -9.048056
v 5.650000 -16.100000 -9.463932
v -2.450000 -16.100000 -9.700001
v -8.200000 -16.100000 -8.700000
v -8.450001 -16.100000 -8.633013
v -8.633013 -16.100000 -8.450001
v -9.700001 -16.100000 2.450000
v -6.647494 -16.100000 5.200000
v -8.700000 -16.100000 3.650000
v -8.788314 -16.100000 4.372553
v -7.150000 -16.100000 5.650000
v -9.048056 -16.100000 5.052565
v -9.463932 -16.100000 5.650000
v -6.686475 -16.100000 5.723415
v -6.268322 -16.100000 5.936475
v -5.936475 -16.100000 6.268322
v -5.723415 -16.100000 6.686475
v 5.936475 -16.100000 6.268322
v 6.268322 -16.100000 5.936475
v 6.686475 -16.100000 5.723415
v -5.650000 -16.100000 7.150000
v -4.372553 -16.100000 8.788314
v -5.052565 -16.100000 9.048056
v -5.650000 -16.100000 9.463932
v 2.450000 -16.100000 9.700001
v 5.723415 -16.100000 6.686475
v 3.650000 -16.100000 8.700000
v 5.650000 -16.100000 7.150000
v 4.372553 -16.100000 8.788314
v 5.052565 -16.100000 9.048056
v 5.650000 -16.100000 9.463932
v 7.150000 -16.100000 5.650000
v 9.463932 -16.100000 5.650000
v 9.048056 -16.100000 5.052565
v -2.450000 -21.750000 10.133013
v -2.694402 -21.688251 10.093484
v -2.700000 -21.500000 10.133013
v -2.873679 -21.569897 9.956146
v -2.883013 -21.500000 9.950000
v -2.873679 -21.756145 9.769896
v -2.694402 -21.893484 9.888250
v -2.450000 -21.933012 9.950000
v 2.700000 -21.500000 10.133013
v 2.638250 -21.744402 10.093484
v 2.450000 -21.750000 10.133013
v 2.519896 -21.923677 9.956146
v 2.450000 -21.933012 9.950000
v 2.706146 -21.923677 9.769896
v 2.843484 -21.744402 9.888250
v 2.883013 -21.500000 9.950000
v -2.450000 -16.350000 10.133013
v -2.519896 -16.343853 10.123678
v -2.706146 -16.530104 10.123678
v -2.700000 -16.600000 10.133013
v -2.883013 -16.600000 9.950000
v -2.843484 -16.411749 9.944402
v -2.638250 -16.206516 9.944402
v -2.450000 -16.166988 9.950000
v 2.450000 -16.350000 10.133013
v 2.694402 -16.411749 10.093484
v 2.700000 -16.600000 10.133013
v 2.873679 -16.530104 9.956146
v 2.883013 -16.600000 9.950000
v 2.873679 -16.343853 9.769896
v 2.883013 -16.350000 9.700001
v 2.700000 -16.166988 9.700001
v 2.694402 -16.206516 9.888250
v 2.450000 -16.166988 9.950000
v -10.133013 -21.750000 -2.450000
v -10.093484 -21.744402 -2.638250
v -10.133013 -21.500000 -2.700000
v -9.950000 -21.500000 -2.883013
v -9.888250 -21.744402 -2.843484
v -9.769896 -21.923677 -2.706146
v -9.956146 -21.923677 -2.519896
v -9.950000 -21.933012 -2.450000
v -10.133013 -21.750000 2.450000
v -10.123678 -21.756145 2.519896
v -10.123678 -21.569897 2.706146
v -10.133013 -21.500000 2.700000
v -9.950000 -21.500000 2.883013
v -9.944402 -21.688251 2.843484
v -9.944402 -21.893484 2.638250
v -9.950000 -21.933012 2.450000
v -10.133013 -16.600000 -2.700000
v -10.093484 -16.411749 -2.694402
v -10.133013 -16.350000 -2.450000
v -9.950000 -16.166988 -2.450000
v -9.888250 -16.206516 -2.694402
v -9.769896 -16.343853 -2.873679
v -9.956146 -16.530104 -2.873679
v -9.950000 -16.600000 -2.883013
v -10.133013 -16.350000 2.450000
v -10.093484 -16.355598 2.638250
v -10.133013 -16.600000 2.700000
v -9.950000 -16.600000 2.883013
v -9.888250 -16.355598 2.843484
v -9.700001 -16.350000 2.883013
v -9.769896 -16.176321 2.706146
v -9.700001 -16.166988 2.700000
v -9.956146 -16.176321 2.519896
v -9.950000 -16.166988 2.450000
v 8.950000 -16.166988 -3.650000
v 9.133013 -16.350000 -3.650000
v -8.950000 -16.166988 3.650000
v -9.133013 -16.350000 3.650000
v 1.643168 -20.100000 4.700000
v 1.882958 -19.556921 4.700000
v 5.650687 -20.100000 4.700000
v 1.948227 -18.966860 4.700000
v 1.832925 -18.384504 4.700000
v 6.142580 -16.600000 4.700000
v 1.547740 -17.863829 4.700000
v 1.119103 -17.453094 4.700000
v 0.586743 -17.190367 4.700000
v 0.000000 -17.100000 4.700000
v -6.142580 -16.600000 4.700000
v -0.586743 -17.190367 4.700000
v -1.119103 -17.453094 4.700000
v -1.547740 -17.863829 4.700000
v -1.832925 -18.384504 4.700000
v -5.650687 -20.100000 4.700000
v -1.948227 -18.966860 4.700000
v -1.882958 -19.556921 4.700000
v -1.643168 -20.100000 4.700000
v -5.587444 -20.550001 1.245994
v -5.650002 -20.104877 1.640040
v -5.587444 -20.550001 4.463750
v -5.650687 -20.100000 4.700000
v -5.726338 -19.561718 1.881660
v -5.809359 -18.970997 1.948399
v -5.891347 -18.387619 1.834053
v -6.142580 -16.600000 4.700000
v -5.964684 -17.865803 1.549250
v -6.022552 -17.454044 1.120459
v -6.059575 -17.190617 0.587532
v -6.145850 -16.576736 4.700541
v -6.149112 -16.553524 4.702165
v -6.152360 -16.530415 4.704866
v -6.072309 -17.100000 0.000000
v -6.152360 -16.530415 -4.704866
v -6.059575 -17.190617 -0.587532
v -6.149112 -16.553524 -4.702165
v -6.145850 -16.576736 -4.700541
v -6.142580 -16.600000 -4.700000
v -6.022552 -17.454044 -1.120459
v -5.964684 -17.865803 -1.549250
v -5.891347 -18.387619 -1.834053
v -5.650687 -20.100000 -4.700000
v -5.809359 -18.970997 -1.948399
v -5.726338 -19.561718 -1.881660
v -5.650002 -20.104877 -1.640040
v -5.587444 -20.550001 -4.463750
v -5.587444 -20.550001 -1.245994
v 5.587444 -20.550001 -1.245994
v 5.650002 -20.104877 -1.640040
v 5.587444 -20.550001 -4.463750
v 5.650687 -20.100000 -4.700000
v 5.726338 -19.561718 -1.881660
v 5.809359 -18.970997 -1.948399
v 5.891347 -18.387619 -1.834053
v 6.142580 -16.600000 -4.700000
v 5.964684 -17.865803 -1.549250
v 6.022552 -17.454044 -1.120459
v 6.059575 -17.190617 -0.587532
v 6.145850 -16.576736 -4.700541
v 6.149112 -16.553524 -4.702165
v 6.152360 -16.530415 -4.704866
v 6.072309 -17.100000 0.000000
v 6.152360 -16.530415 4.704866
v 6.059575 -17.190617 0.587532
v 6.149112 -16.553524 4.702165
v 6.145850 -16.576736 4.700541
v 6.142580 -16.600000 4.700000
v 6.022552 -17.454044 1.120459
v 5.964684 -17.865803 1.549250
v 5.891347 -18.387619 1.834053
v 5.650687 -20.100000 4.700000
v 5.809359 -18.970997 1.948399
v 5.726338 -19.561718 1.881660
v 5.650002 -20.104877 1.640040
v 5.587444 -20.550001 4.463750
v 5.587444 -20.550001 1.245994
v 1.854560 -18.447416 -8.200000
v 2.054482 -18.416275 -10.200000
v 1.950000 -19.049999 -8.200000
v 2.150000 -19.049999 -10.200000
v 2.054482 -19.683723 -10.200000
v 1.776413 -17.838861 -10.200000
v 1.577583 -17.903820 -8.200000
v 1.340503 -17.369062 -10.200000
v 1.146181 -17.472418 -8.200000
v 0.785483 -17.048622 -10.200000
v 0.602583 -17.195438 -8.200000
v 0.160670 -16.906012 -10.200000
v 0.000000 -17.100000 -8.200000
v -0.478420 -16.953905 -10.200000
v -0.602583 -17.195438 -8.200000
v -1.075000 -17.188046 -10.200000
v -1.146181 -17.472418 -8.200000
v -1.576061 -17.587627 -10.200000
v -1.577583 -17.903820 -8.200000
v -1.937083 -18.117149 -10.200000
v -1.854560 -18.447416 -8.200000
v -2.125986 -18.729559 -10.200000
v -1.950000 -19.049999 -8.200000
v -2.125986 -19.370441 -10.200000
v -1.854560 -19.652584 -8.200000
v -1.937083 -19.982851 -10.200000
v -1.577583 -20.196180 -8.200000
v -1.576061 -20.512371 -10.200000
v -1.146181 -20.627583 -8.200000
v -1.075000 -20.911953 -10.200000
v -0.602583 -20.904560 -8.200000
v -0.478420 -21.146095 -10.200000
v 0.000000 -21.000000 -8.200000
v 0.160670 -21.193989 -10.200000
v 0.602583 -20.904560 -8.200000
v 0.785483 -21.051378 -10.200000
v 1.146181 -20.627583 -8.200000
v 1.340503 -20.730936 -10.200000
v 1.577583 -20.196180 -8.200000
v 1.776413 -20.261137 -10.200000
v 1.854560 -19.652584 -8.200000
v 2.450000 -21.500000 -10.200000
v 2.150000 -19.049999 -10.200000
v 2.450000 -16.600000 -10.200000
v 2.054482 -18.416275 -10.200000
v 1.776413 -17.838861 -10.200000
v -2.450000 -21.500000 -10.200000
v 0.160670 -21.193989 -10.200000
v 0.785483 -21.051378 -10.200000
v 1.340503 -20.730936 -10.200000
v -2.450000 -16.600000 -10.200000
v -2.125986 -19.370441 -10.200000
v -1.937083 -19.982851 -10.200000
v -1.576061 -20.512371 -10.200000
v 0.160670 -16.906012 -10.200000
v -0.478420 -16.953905 -10.200000
v -1.075000 -17.188046 -10.200000
v 1.340503 -17.369062 -10.200000
v 0.785483 -17.048622 -10.200000
v -1.576061 -17.587627 -10.200000
v -1.937083 -18.117149 -10.200000
v -2.125986 -18.729559 -10.200000
v -1.075000 -20.911953 -10.200000
v -0.478420 -21.146095 -10.200000
v 1.776413 -20.261137 -10.200000
v 2.054482 -19.683723 -10.200000
v -1.331533 -20.474613 -4.503328
v -1.643168 -20.100000 -4.700000
v -1.882958 -19.556921 -4.700000
v -1.948227 -18.966860 -4.700000
v -1.832925 -18.384504 -4.700000
v -1.547740 -17.863829 -4.700000
v -1.119103 -17.453094 -4.700000
v -0.586743 -17.190367 -4.700000
v 0.000000 -17.100000 -4.700000
v 0.586743 -17.190367 -4.700000
v 1.119103 -17.453094 -4.700000
v 1.547740 -17.863829 -4.700000
v 1.832925 -18.384504 -4.700000
v 1.948227 -18.966860 -4.700000
v 1.882958 -19.556921 -4.700000
v 1.643168 -20.100000 -4.700000
v 1.331533 -20.474613 -4.503328
v 0.936750 -20.760262 -4.353362
v 0.483470 -20.939114 -4.259464
v 0.000000 -21.000000 -4.227500
v -0.483470 -20.939114 -4.259464
v -0.936750 -20.760262 -4.353362
v 2.450000 -21.750000 -10.133013
v 2.694402 -21.688251 -10.093484
v 2.700000 -21.500000 -10.133013
v 2.873679 -21.569897 -9.956146
v 2.883013 -21.500000 -9.950000
v 2.873679 -21.756145 -9.769896
v 2.694402 -21.893484 -9.888250
v 2.450000 -21.933012 -9.950000
v -2.700000 -21.500000 -10.133013
v -2.694402 -21.688251 -10.093484
v -2.450000 -21.750000 -10.133013
v -2.450000 -21.933012 -9.950000
v -2.694402 -21.893484 -9.888250
v -2.873679 -21.756145 -9.769896
v -2.873679 -21.569897 -9.956146
v -2.883013 -21.500000 -9.950000
v 2.450000 -16.350000 -10.133013
v 2.519896 -16.343853 -10.123678
v 2.706146 -16.530104 -10.123678
v 2.700000 -16.600000 -10.133013
v 2.883013 -16.600000 -9.950000
v 2.843484 -16.411749 -9.944402
v 2.638250 -16.206516 -9.944402
v 2.450000 -16.166988 -9.950000
v -2.700000 -16.600000 -10.133013
v -2.706146 -16.530104 -10.123678
v -2.519896 -16.343853 -10.123678
v -2.450000 -16.350000 -10.133013
v -2.450000 -16.166988 -9.950000
v -2.638250 -16.206516 -9.944402
v -2.700000 -16.166988 -9.700001
v -2.843484 -16.411749 -9.944402
v -2.883013 -16.350000 -9.700001
v -2.883013 -16.600000 -9.950000
v -8.200000 -16.166988 -8.950000
v -8.200000 -16.350000 -9.133013
v -1.643168 -20.100000 -4.700000
v -1.882958 -19.556921 -4.700000
v -5.650687 -20.100000 -4.700000
v -1.948227 -18.966860 -4.700000
v -1.832925 -18.384504 -4.700000
v -6.142580 -16.600000 -4.700000
v -1.547740 -17.863829 -4.700000
v -1.119103 -17.453094 -4.700000
v -0.586743 -17.190367 -4.700000
v 0.000000 -17.100000 -4.700000
v 6.142580 -16.600000 -4.700000
v 0.586743 -17.190367 -4.700000
v 1.119103 -17.453094 -4.700000
v 1.547740 -17.863829 -4.700000
v 1.832925 -18.384504 -4.700000
v 5.650687 -20.100000 -4.700000
v 1.948227 -18.966860 -4.700000
v 1.882958 -19.556921 -4.700000
v 1.643168 -20.100000 -4.700000
v 7.907308 -24.038361 -9.001473
v -6.145576 -29.403494 -7.866388
v -8.215254 -23.100550 -9.199884
v 6.145576 -29.403494 -7.866388
v 10.077487 -15.694605 -6.150000
v 9.463932 -15.599999 -6.150000
v 9.976538 -15.829708 -6.124537
v 9.463932 -15.850000 -6.083013
v 9.964028 -15.876085 -6.105823
v 9.931705 -15.995924 -6.025932
v 10.473472 -16.012154 -6.125974
v 10.430899 -16.101807 -6.081645
v 10.929303 -16.200848 -6.139892
v 10.894040 -16.258682 -6.120979
v 11.381053 -16.427977 -6.148162
v 11.364410 -16.452219 -6.144681
v 11.700000 -16.600000 -6.150000
v 9.463932 -16.033012 -5.900000
v 9.906863 -16.088024 -5.913319
v 10.393505 -16.180647 -6.016951
v 10.860567 -16.313665 -6.092711
v 11.348014 -16.476223 -6.139373
v 9.943750 -16.147303 -5.814898
v 10.478311 -16.264404 -5.978275
v 11.071118 -16.422899 -6.102235
v 10.489145 -15.979168 -6.136199
v 10.650459 -15.928807 -6.150000
v 10.941870 -16.180252 -6.144208
v 11.386887 -16.419498 -6.148949
v 7.150000 -15.599999 -6.150000
v 7.150000 -15.850000 -6.083013
v 7.150000 -16.033012 -5.900000
v 6.226120 -15.599999 -6.767316
v 6.150000 -15.599999 -7.150000
v 6.135235 -15.850000 -6.820283
v 6.083013 -15.850000 -7.150000
v 5.900000 -16.033012 -7.150000
v 5.961179 -16.033012 -6.763729
v 6.138729 -16.033012 -6.415268
v 6.415268 -16.033012 -6.138729
v 6.763729 -16.033012 -5.961179
v 6.820283 -15.850000 -6.135235
v 6.522841 -15.850000 -6.286789
v 6.286789 -15.850000 -6.522841
v 6.767316 -15.599999 -6.226120
v 6.442893 -15.599999 -6.442893
v 6.150000 -15.599999 -9.463932
v 6.083013 -15.850000 -9.463932
v 5.900000 -16.033012 -9.463932
v 6.120051 -15.801749 -9.795314
v 6.150000 -15.694069 -10.075637
v 6.128328 -15.864476 -10.131746
v 6.150000 -15.927401 -10.647649
v 6.141891 -16.107939 -10.792369
v 6.147871 -16.341261 -11.247238
v 6.146274 -16.353563 -11.238979
v 6.150000 -16.596956 -11.694405
v 6.146274 -16.353563 -11.238979
v 6.150000 -16.596956 -11.694405
v 6.150000 -16.596956 -11.694405
v 6.150000 -16.596956 -11.694405
v 6.150000 -16.596956 -11.694405
v 6.150000 -16.600000 -11.700000
v 6.150000 -16.596348 -11.694836
v 6.150000 -16.596809 -11.694510
v 6.150000 -16.600000 -11.700000
v 6.102116 -16.421597 -11.065778
v 6.128211 -16.423985 -11.191740
v 6.149997 -16.597824 -11.693792
v 6.149997 -16.597824 -11.693792
v 6.128211 -16.423985 -11.191740
v 6.149997 -16.597824 -11.693792
v 6.149997 -16.597824 -11.693792
v 6.149997 -16.597824 -11.693792
v 6.150000 -16.600000 -11.700000
v 6.068630 -16.267483 -10.701319
v 5.977482 -16.263699 -10.475533
v 5.941780 -16.111259 -10.048479
v 5.814395 -16.147034 -9.942211
v 5.869877 -16.075813 -9.745010
v 6.002667 -15.982747 -9.762093
v 6.097993 -15.852587 -9.785982
v 6.112275 -15.907101 -10.117361
v 6.135827 -16.132717 -10.778218
v 6.042106 -16.020508 -10.079094
v 6.108835 -16.202595 -10.738330
v 6.139100 -16.389101 -11.215129
v 6.150000 -2.100000 -14.150000
v 6.150000 -20.100000 -14.150000
v 6.150000 -20.100000 -11.849999
v 6.150000 -2.100000 -7.150000
v 6.150000 -20.100000 -11.700000
v 6.226120 -2.100000 -6.767316
v 6.442893 -2.100000 -6.442893
v 6.767316 -2.100000 -6.226120
v 7.150000 -2.100000 -6.150000
v 14.150000 -2.100000 -6.150000
v 11.700000 -20.100000 -6.150000
v 11.849999 -20.100000 -6.150000
v 14.150000 -20.100000 -6.150000
v 11.052952 -16.600000 -6.064815
v 10.586226 -16.350000 -5.962775
v 10.450000 -16.600000 -5.815063
v 10.099510 -16.350000 -5.656952
v 9.932233 -16.600000 -5.417767
v 9.693048 -16.350000 -5.250490
v 9.534937 -16.600000 -4.900000
v 9.387224 -16.350000 -4.763774
v 9.285185 -16.600000 -4.297048
v 9.197372 -16.350000 -4.221209
v 9.018948 -16.166988 -4.261933
v 9.222336 -16.166988 -4.843180
v 9.549963 -16.166988 -5.364597
v 9.985403 -16.166988 -5.800037
v 5.364597 -16.166988 -9.549963
v 5.800037 -16.166988 -9.985403
v 5.656952 -16.350000 -10.099510
v 5.962775 -16.350000 -10.586226
v 5.815063 -16.600000 -10.450000
v 6.064815 -16.600000 -11.052952
v 5.417767 -16.600000 -9.932233
v 5.250490 -16.350000 -9.693048
v 4.843180 -16.166988 -9.222336
v 4.261933 -16.166988 -9.018948
v 4.221209 -16.350000 -9.197372
v 4.297048 -16.600000 -9.285185
v 4.763774 -16.350000 -9.387224
v 4.900000 -16.600000 -9.534937
v 11.418722 -20.100000 -6.134126
v 11.141015 -20.100000 -6.086706
v 10.870407 -20.100000 -6.008342
v 10.320004 -20.100000 -5.734612
v 9.853032 -20.100000 -5.334847
v 9.497729 -20.100000 -4.833217
v 9.275575 -20.100000 -4.260050
v 5.734612 -20.100000 -10.320004
v 6.008342 -20.100000 -10.870407
v 5.854679 -20.482683 -10.367413
v 6.080149 -20.482683 -10.845147
v 6.284638 -20.807106 -10.773214
v 6.040196 -20.807106 -10.255280
v 6.590679 -21.023880 -10.665559
v 6.317842 -21.023880 -10.087461
v 6.737009 -21.099998 -10.050644
v 6.450733 -21.099998 -9.600977
v 6.951678 -21.099998 -10.538569
v 5.932819 -21.023880 -9.577171
v 6.099490 -21.099998 -9.200000
v 5.435722 -21.002010 -9.200000
v 4.822117 -20.772629 -9.200000
v 5.264286 -20.807106 -9.420892
v 5.695243 -20.807106 -9.798098
v 4.678870 -20.482683 -9.338259
v 5.138992 -20.482683 -9.597787
v 4.260050 -20.100000 -9.275575
v 4.833217 -20.100000 -9.497729
v 5.334847 -20.100000 -9.853032
v 5.536500 -20.482683 -9.945715
v 6.748300 -21.015770 -11.700000
v 7.122440 -21.099621 -11.700000
v 6.722281 -21.023880 -11.172033
v 6.402712 -20.807106 -11.227952
v 6.433215 -20.797295 -11.700000
v 6.189212 -20.482683 -11.265489
v 6.223505 -20.476307 -11.700000
v 6.134126 -20.100000 -11.418722
v 6.086706 -20.100000 -11.141015
v 7.150000 -1.176121 -6.767316
v 7.150000 -1.100000 -7.150000
v 6.846718 -1.205446 -6.821680
v 6.767316 -1.176121 -7.150000
v 6.496718 -1.446719 -6.767316
v 6.442893 -1.392893 -7.150000
v 6.226120 -1.717317 -7.150000
v 6.255446 -1.796718 -6.821680
v 6.406177 -1.953700 -6.497832
v 6.879402 -1.829402 -6.226120
v 6.650000 -1.600000 -6.442893
v 7.150000 -1.717317 -6.226120
v 7.003700 -1.356177 -6.497832
v 7.150000 -1.392893 -6.442893
v 7.150000 -21.023880 -14.532682
v 7.150000 -21.099998 -14.150000
v 6.821680 -20.994553 -14.453281
v 6.767316 -21.023880 -14.150000
v 6.497832 -20.843822 -14.296299
v 6.442893 -20.807106 -14.150000
v 6.226120 -20.482683 -14.150000
v 6.226120 -20.370598 -14.420597
v 6.442893 -20.599998 -14.650001
v 6.767316 -20.753281 -14.803282
v 6.226120 -20.100000 -14.532682
v 6.497832 -20.246300 -14.893823
v 6.821680 -20.403282 -15.044554
v 7.150000 -20.482683 -15.073880
v 7.150000 -20.807106 -14.857106
v 6.442893 -20.100000 -14.857106
v 6.767316 -20.100000 -15.073880
v 7.150000 -20.100000 -15.150000
v 14.150000 -21.023880 -6.767316
v 14.150000 -21.099998 -7.150000
v 14.453281 -20.994553 -6.821680
v 14.532682 -21.023880 -7.150000
v 14.803282 -20.753281 -6.767316
v 14.857106 -20.807106 -7.150000
v 15.073880 -20.482683 -7.150000
v 15.044554 -20.403282 -6.821680
v 15.150000 -20.100000 -7.150000
v 15.073880 -20.100000 -6.767316
v 14.893823 -20.246300 -6.497832
v 14.857106 -20.100000 -6.442893
v 14.532682 -20.100000 -6.226120
v 14.420597 -20.370598 -6.226120
v 14.650001 -20.599998 -6.442893
v 14.150000 -20.482683 -6.226120
v 14.296299 -20.843822 -6.497832
v 14.150000 -20.807106 -6.442893
v 6.767316 -1.176121 -14.150000
v 7.150000 -1.100000 -14.150000
v 6.821680 -1.205446 -14.453281
v 7.150000 -1.176121 -14.532682
v 6.767316 -1.446719 -14.803282
v 7.150000 -1.392893 -14.857106
v 7.150000 -1.717317 -15.073880
v 6.821680 -1.796718 -15.044554
v 7.150000 -2.100000 -15.150000
v 6.767316 -2.100000 -15.073880
v 6.497832 -1.953700 -14.893823
v 6.442893 -2.100000 -14.857106
v 6.226120 -2.100000 -14.532682
v 6.226120 -1.829402 -14.420597
v 6.442893 -1.600000 -14.650001
v 6.226120 -1.717317 -14.150000
v 6.497832 -1.356177 -14.296299
v 6.442893 -1.392893 -14.150000
v 7.150000 -1.100000 -9.450000
v 7.145923 -1.100008 -9.470967
v 7.061278 -1.103943 -10.057363
v 7.032759 -1.106897 -10.650001
v 7.061278 -1.103943 -11.242638
v 7.145923 -1.100008 -11.829033
v 7.150000 -1.100000 -11.849999
v 14.532682 -1.176121 -7.150000
v 14.150000 -1.100000 -7.150000
v 14.453281 -1.205446 -6.821680
v 14.150000 -1.176121 -6.767316
v 14.296299 -1.356177 -6.497832
v 14.150000 -1.392893 -6.442893
v 14.150000 -1.717317 -6.226120
v 14.420597 -1.829402 -6.226120
v 14.650001 -1.600000 -6.442893
v 14.803282 -1.446719 -6.767316
v 14.532682 -2.100000 -6.226120
v 14.893823 -1.953700 -6.497832
v 15.044554 -1.796718 -6.821680
v 15.073880 -1.717317 -7.150000
v 14.857106 -1.392893 -7.150000
v 14.857106 -2.100000 -6.442893
v 15.073880 -2.100000 -6.767316
v 15.150000 -2.100000 -7.150000
v 14.532682 -21.023880 -14.150000
v 14.150000 -21.099998 -14.150000
v 14.453281 -20.994553 -14.478320
v 14.150000 -21.023880 -14.532682
v 14.296299 -20.843822 -14.802169
v 14.150000 -20.807106 -14.857106
v 14.150000 -20.482683 -15.073880
v 14.150000 -20.100000 -15.150000
v 14.420597 -20.370598 -15.073880
v 14.650001 -20.599998 -14.857106
v 14.803282 -20.753281 -14.532682
v 14.532682 -20.100000 -15.073880
v 14.857106 -20.100000 -14.857106
v 14.893823 -20.246300 -14.802169
v 15.044554 -20.403282 -14.478320
v 15.073880 -20.100000 -14.532682
v 15.150000 -20.100000 -14.150000
v 15.073880 -20.482683 -14.150000
v 14.857106 -20.807106 -14.150000
v 14.150000 -1.176121 -14.532682
v 14.150000 -1.100000 -14.150000
v 14.453281 -1.205446 -14.478320
v 14.532682 -1.176121 -14.150000
v 14.803282 -1.446719 -14.532682
v 14.857106 -1.392893 -14.150000
v 15.073880 -1.717317 -14.150000
v 15.044554 -1.796718 -14.478320
v 15.150000 -2.100000 -14.150000
v 15.073880 -2.100000 -14.532682
v 14.893823 -1.953700 -14.802169
v 14.857106 -2.100000 -14.857106
v 14.532682 -2.100000 -15.073880
v 14.150000 -2.100000 -15.150000
v 14.420597 -1.829402 -15.073880
v 14.650001 -1.600000 -14.857106
v 14.150000 -1.717317 -15.073880
v 14.150000 -1.392893 -14.857106
v 14.296299 -1.356177 -14.802169
v 9.450000 -1.100000 -14.150000
v 9.470967 -1.100008 -14.154077
v 10.057363 -1.103943 -14.238721
v 10.650001 -1.106897 -14.267242
v 11.242638 -1.103943 -14.238721
v 11.829033 -1.100008 -14.154077
v 11.849999 -1.100000 -14.150000
v 14.150000 -1.100000 -11.849999
v 14.154077 -1.100008 -11.829033
v 14.238721 -1.103943 -11.242638
v 14.267242 -1.106897 -10.650001
v 14.238721 -1.103943 -10.057363
v 14.154077 -1.100008 -9.470967
v 14.150000 -1.100000 -9.450000
v 14.150000 -21.099998 -9.450000
v 14.154076 -21.099991 -9.470960
v 14.238721 -21.096056 -10.057362
v 14.267242 -21.093103 -10.650001
v 14.238721 -21.096056 -11.242639
v 14.154076 -21.099991 -11.829041
v 14.150000 -21.099998 -11.849999
v 11.849999 -21.099998 -14.150000
v 11.829041 -21.099991 -14.154076
v 11.242639 -21.096056 -14.238721
v 10.650001 -21.093103 -14.267242
v 10.057362 -21.096056 -14.238721
v 9.470960 -21.099991 -14.154076
v 9.450000 -21.099998 -14.150000
v 11.849999 -1.100000 -7.150000
v 11.829033 -1.100008 -7.145923
v 11.242638 -1.103943 -7.061278
v 10.650001 -1.106897 -7.032759
v 10.057363 -1.103943 -7.061278
v 9.470967 -1.100008 -7.145923
v 9.450000 -1.100000 -7.150000
v 11.849999 -20.482683 -6.226120
v 11.849999 -20.807106 -6.442893
v 11.849999 -21.023880 -6.767316
v 11.849999 -21.099998 -7.150000
v 7.150000 -21.099998 -11.849999
v 6.767316 -21.023880 -11.849999
v 6.442893 -20.807106 -11.849999
v 6.226120 -20.482683 -11.849999
v 11.700000 -21.099621 -7.122440
v 11.700000 -21.015770 -6.748300
v 11.700000 -20.797295 -6.433215
v 11.700000 -20.476307 -6.223505
v 10.538569 -21.099998 -6.951678
v 10.665559 -21.023880 -6.590679
v 10.050644 -21.099998 -6.737009
v 10.087461 -21.023880 -6.317842
v 9.600977 -21.099998 -6.450733
v 9.577171 -21.023880 -5.932819
v 9.200000 -21.099998 -6.099490
v 9.200000 -21.002010 -5.435722
v 9.798098 -20.807106 -5.695243
v 9.420892 -20.807106 -5.264286
v 9.945715 -20.482683 -5.536500
v 9.597787 -20.482683 -5.138992
v 10.773214 -20.807106 -6.284638
v 10.255280 -20.807106 -6.040196
v 10.845147 -20.482683 -6.080149
v 10.367413 -20.482683 -5.854679
v 9.338259 -20.482683 -4.678870
v 9.200000 -20.772629 -4.822117
v 11.172033 -21.023880 -6.722281
v 11.227952 -20.807106 -6.402712
v 11.265489 -20.482683 -6.189212
v 7.510933 -1.100000 -8.691362
v 8.033705 -1.100000 -8.033705
v 8.691362 -1.100000 -7.510933
v 13.789066 -1.100000 -8.691362
v 13.266295 -1.100000 -8.033705
v 12.608638 -1.100000 -7.510933
v 12.608638 -1.100000 -13.789066
v 13.266295 -1.100000 -13.266295
v 13.789066 -1.100000 -12.608638
v 8.691362 -1.100000 -13.789066
v 8.033705 -1.100000 -13.266295
v 7.510933 -1.100000 -12.608638
v 12.266008 -1.166987 -13.698116
v 11.572972 -1.166987 -13.974247
v 10.836779 -1.166987 -14.094940
v 10.088977 -1.166987 -14.054079
v 9.373024 -1.166987 -13.854970
v 8.713904 -1.166987 -13.505527
v 8.816608 -1.350000 -13.354050
v 8.278182 -1.350000 -12.896706
v 8.317301 -1.600000 -12.840551
v 7.850658 -1.350000 -12.334308
v 7.845819 -1.600000 -12.191611
v 7.553884 -1.350000 -11.692722
v 7.550534 -1.600000 -11.445807
v 7.402164 -1.350000 -11.003223
v 7.450000 -1.600000 -10.650001
v 7.402164 -1.350000 -10.296776
v 7.550534 -1.600000 -9.854192
v 7.553884 -1.350000 -9.607278
v 7.845819 -1.600000 -9.108389
v 7.850658 -1.350000 -8.965692
v 8.317301 -1.600000 -8.459450
v 8.278182 -1.350000 -8.403295
v 8.816608 -1.350000 -7.945951
v 8.145315 -1.166987 -8.277437
v 8.713904 -1.166987 -7.794473
v 8.145315 -1.166987 -13.022564
v 7.693843 -1.166987 -12.428660
v 7.380289 -1.166987 -11.750678
v 7.220224 -1.166987 -11.023011
v 7.220224 -1.166987 -10.276990
v 7.380289 -1.166987 -9.549323
v 7.693843 -1.166987 -8.871339
v 9.373024 -1.166987 -7.445030
v 10.088977 -1.166987 -7.245922
v 10.120098 -1.350000 -7.426274
v 10.836779 -1.166987 -7.205060
v 10.826872 -1.350000 -7.387804
v 11.524012 -1.350000 -7.502094
v 11.249619 -1.600000 -7.506681
v 12.012493 -1.600000 -7.754554
v 12.180285 -1.350000 -7.763577
v 12.689757 -1.600000 -8.184358
v 12.765002 -1.350000 -8.160027
v 13.250826 -1.350000 -8.672904
v 12.883483 -1.166987 -8.020541
v 13.396521 -1.166987 -8.562149
v 11.572972 -1.166987 -7.325752
v 12.266008 -1.166987 -7.601883
v 13.781136 -1.166987 -9.201383
v 14.019341 -1.166987 -9.908352
v 14.099999 -1.166987 -10.650001
v 14.019341 -1.166987 -11.391648
v 13.781136 -1.166987 -12.098618
v 13.396521 -1.166987 -12.737851
v 12.883483 -1.166987 -13.279459
v 8.935354 -1.600000 -13.351850
v 9.440763 -1.350000 -13.684955
v 9.661146 -1.600000 -13.693380
v 10.120098 -1.350000 -13.873726
v 10.449071 -1.600000 -13.843685
v 10.826872 -1.350000 -13.912196
v 11.249619 -1.600000 -13.793320
v 11.524012 -1.350000 -13.797905
v 12.012493 -1.600000 -13.545446
v 12.180285 -1.350000 -13.536423
v 12.689757 -1.600000 -13.115643
v 12.765002 -1.350000 -13.139974
v 13.250826 -1.350000 -12.627096
v 13.238854 -1.600000 -12.530913
v 13.615037 -1.350000 -12.021772
v 13.625284 -1.600000 -11.827998
v 13.840608 -1.350000 -11.352305
v 13.824767 -1.600000 -11.051065
v 13.916987 -1.350000 -10.650001
v 13.824767 -1.600000 -10.248934
v 13.840608 -1.350000 -9.947695
v 13.625284 -1.600000 -9.472001
v 13.615037 -1.350000 -9.278228
v 13.238854 -1.600000 -8.769087
v 10.449071 -1.600000 -7.456315
v 9.661146 -1.600000 -7.606619
v 9.440763 -1.350000 -7.615045
v 8.935354 -1.600000 -7.948151
v 7.256977 -21.033012 -11.274415
v 7.202165 -21.033012 -10.527802
v 6.993964 -21.099998 -10.081318
v 7.309696 -21.033012 -9.786941
v 7.092564 -21.099998 -9.632825
v 7.448864 -21.064169 -9.200000
v 7.245958 -21.099998 -9.200000
v 7.471551 -21.033012 -11.991627
v 7.510933 -21.099998 -12.608638
v 7.835785 -21.033012 -12.645669
v 8.033705 -21.099998 -13.266295
v 8.332528 -21.033012 -13.205743
v 8.691362 -21.099998 -13.789066
v 8.938390 -21.033012 -13.645478
v 9.624845 -21.033012 -13.944170
v 10.359570 -21.033012 -14.087753
v 11.107969 -21.033012 -14.069469
v 11.834805 -21.033012 -13.890176
v 12.608638 -21.099998 -13.789066
v 12.505854 -21.033012 -13.558317
v 12.407406 -20.850000 -13.404039
v 12.960109 -20.850000 -12.960109
v 12.618309 -20.599998 -13.173046
v 13.173046 -20.599998 -12.618309
v 13.404039 -20.850000 -12.407406
v 13.576137 -20.599998 -11.945269
v 13.718294 -20.850000 -11.771955
v 13.803356 -20.599998 -11.194380
v 13.888075 -20.850000 -11.083675
v 13.841045 -20.599998 -10.410769
v 13.905391 -20.850000 -10.374976
v 13.769424 -20.850000 -9.679226
v 14.087753 -21.033012 -10.359570
v 13.944170 -21.033012 -9.624845
v 13.266295 -21.099998 -13.266295
v 13.089519 -21.033012 -13.089519
v 13.558317 -21.033012 -12.505854
v 13.789066 -21.099998 -12.608638
v 13.890176 -21.033012 -11.834805
v 14.069469 -21.033012 -11.107969
v 13.645478 -21.033012 -8.938390
v 13.789066 -21.099998 -8.691362
v 13.205743 -21.033012 -8.332528
v 13.266295 -21.099998 -8.033705
v 12.645669 -21.033012 -7.835785
v 12.608638 -21.099998 -7.510933
v 11.991627 -21.033012 -7.471551
v 11.274415 -21.033012 -7.256977
v 10.527802 -21.033012 -7.202165
v 10.081318 -21.099998 -6.993964
v 9.786941 -21.033012 -7.309696
v 9.632825 -21.099998 -7.092564
v 9.200000 -21.064169 -7.448864
v 9.200000 -21.099998 -7.245958
v 9.200000 -20.960377 -7.626174
v 9.832724 -20.850000 -7.486890
v 10.534283 -20.850000 -7.385063
v 11.241292 -20.850000 -7.436967
v 11.920458 -20.850000 -7.640159
v 12.539804 -20.850000 -7.985072
v 13.070168 -20.850000 -8.455463
v 13.486577 -20.850000 -9.029186
v 9.200000 -20.798428 -7.751324
v 9.200000 -20.599998 -7.797369
v 9.937655 -20.599998 -7.530294
v 10.718125 -20.599998 -7.450726
v 11.494502 -20.599998 -7.563446
v 12.220119 -20.599998 -7.861681
v 12.851366 -20.599998 -8.327504
v 13.350304 -20.599998 -8.932920
v 13.686939 -20.599998 -9.641538
v 11.945269 -20.599998 -13.576137
v 11.771955 -20.850000 -13.718294
v 11.194380 -20.599998 -13.803356
v 11.083675 -20.850000 -13.888075
v 10.410769 -20.599998 -13.841045
v 10.374976 -20.850000 -13.905391
v 9.679226 -20.850000 -13.769424
v 9.641538 -20.599998 -13.686939
v 9.029186 -20.850000 -13.486577
v 8.932920 -20.599998 -13.350304
v 8.455463 -20.850000 -13.070168
v 8.327504 -20.599998 -12.851366
v 7.985072 -20.850000 -12.539804
v 7.861681 -20.599998 -12.220119
v 7.640159 -20.850000 -11.920458
v 7.563446 -20.599998 -11.494502
v 7.436967 -20.850000 -11.241292
v 7.450726 -20.599998 -10.718125
v 7.385063 -20.850000 -10.534283
v 7.530294 -20.599998 -9.937655
v 7.486890 -20.850000 -9.832724
v 7.797369 -20.599998 -9.200000
v 7.751324 -20.798428 -9.200000
v 7.626174 -20.960377 -9.200000
v 9.200000 -23.099998 -7.797369
v 7.797369 -23.099998 -9.200000
v 7.907308 -24.038361 -9.001473
v 8.026475 -24.664825 -8.817737
v 8.138328 -24.941092 -8.667070
v 8.221558 -25.035639 -8.566097
v 8.331910 -25.061249 -8.444004
v 8.440804 -24.998497 -8.334929
v 8.522381 -24.903625 -8.259700
v 8.646943 -24.687714 -8.154449
v 8.839368 -24.198261 -8.011514
v 1.999941 -24.849998 -3.215513
v 1.999941 -25.100000 -3.282500
v 2.244343 -24.911749 -3.175984
v 2.249941 -25.100000 -3.215513
v 2.423620 -25.030106 -3.038646
v 2.432954 -25.100000 -3.032500
v 2.499941 -25.100000 -2.782500
v 2.423620 -24.843855 -2.852396
v 2.432954 -24.849998 -2.782500
v 2.249941 -24.666986 -2.782500
v 2.244343 -24.706516 -2.970750
v 1.999941 -24.600000 -2.782500
v 1.999941 -24.666986 -3.032500
v 1.999941 -24.600000 -2.132500
v 2.191283 -24.638060 -2.094440
v 2.353495 -24.746447 -1.986053
v 2.461881 -24.908659 -1.823842
v 2.499941 -25.100000 -1.632500
v 2.566929 -29.549999 -2.782500
v 2.499941 -29.300001 -2.782500
v 2.539178 -29.549999 -2.957709
v 2.432954 -29.300001 -3.032500
v 2.458644 -29.549999 -3.115767
v 2.249941 -29.300001 -3.215513
v 2.333208 -29.549999 -3.241202
v 2.175150 -29.549999 -3.321737
v 2.231704 -29.733011 -3.495792
v 1.999941 -29.733011 -3.532500
v 1.999941 -29.799999 -3.782500
v 1.999941 -29.300001 -3.282500
v 1.999941 -29.549999 -3.349487
v 2.382625 -29.799999 -3.706379
v 2.440780 -29.733011 -3.389263
v 2.707048 -29.799999 -3.489607
v 2.606704 -29.733011 -3.223339
v 2.923821 -29.799999 -3.165183
v 2.713234 -29.733011 -3.014263
v 2.999941 -29.799999 -2.782500
v 2.749941 -29.733011 -2.782500
v 2.499941 -23.599998 -1.632500
v 2.432954 -23.599998 -1.882500
v 2.461881 -24.908659 -1.823842
v 2.353495 -24.746447 -1.986053
v 2.249941 -23.599998 -2.065513
v 2.191283 -24.638060 -2.094440
v 1.999941 -23.599998 -2.132500
v 1.999941 -24.600000 -2.132500
v -1.999941 -29.300001 -3.282500
v -1.999941 -25.100000 -3.282500
v -1.999941 -24.600000 -2.782500
v -1.999941 -24.600000 -2.132500
v -1.999941 -24.600000 -2.132500
v -1.999941 -23.599998 -2.132500
v 6.145576 -29.607582 -7.771416
v 6.496434 -29.544655 -7.746913
v 6.511347 -29.451258 -7.784672
v 6.821106 -29.477829 -7.574255
v 7.031449 -29.479485 -7.264619
v 6.990823 -29.566137 -7.247590
v 6.790917 -29.564960 -7.543170
v 6.460161 -29.669109 -7.655063
v 6.145576 -29.749327 -7.596543
v 6.411371 -29.756308 -7.531514
v 6.393914 -29.774727 -7.487309
v 6.631958 -29.760063 -7.379482
v 6.600123 -29.776915 -7.346701
v 6.738717 -29.777042 -7.142026
v 6.572914 -29.799999 -7.140506
v 6.637859 -29.799999 -6.899151
v 6.840753 -29.756985 -6.899151
v 6.780753 -29.760284 -7.159625
v 6.899540 -29.680674 -7.209360
v 6.721885 -29.680033 -7.472084
v 7.112903 -29.455988 -6.899151
v 7.008736 -29.635336 -6.899151
v 6.394109 -29.799999 -7.314147
v 6.145576 -29.799999 -7.377215
v 8.026475 -24.664825 -8.817737
v 8.839368 -24.198261 -8.011514
v 8.646943 -24.687714 -8.154449
v 8.839368 -24.198261 8.011514
v 7.112903 -29.455988 6.899151
v 2.499941 -23.599998 -1.632500
v 2.499941 -23.599998 -3.282500
v 2.432954 -23.599998 -1.882500
v 2.249941 -23.599998 -2.065513
v 1.999941 -23.599998 -2.132500
v -1.999941 -23.599998 -2.132500
v -2.499941 -23.599998 -3.282500
v -2.249941 -23.599998 -2.065513
v -2.432954 -23.599998 -1.882500
v -2.499941 -23.599998 -1.632500
v 2.499941 -23.599998 -3.282500
v 2.499941 -22.799999 -3.282500
v -2.499941 -23.599998 -3.282500
v -2.499941 -22.799999 -3.282500
v 5.587444 -20.550001 -4.463750
v 1.331533 -20.474613 -4.503328
v 0.936750 -20.760262 -4.353362
v 0.483470 -20.939114 -4.259464
v 0.000000 -21.000000 -4.227500
v -0.483470 -20.939114 -4.259464
v -5.587444 -20.550001 -4.463750
v -0.936750 -20.760262 -4.353362
v -1.331533 -20.474613 -4.503328
v -1.999941 -29.799999 -3.782500
v -6.145576 -29.799999 -7.377215
v -2.382625 -29.799999 -3.706379
v -2.707048 -29.799999 -3.489607
v -6.637859 -29.799999 -6.899151
v -2.923821 -29.799999 -3.165183
v -2.999941 -29.799999 -2.782500
v -2.999941 -29.799999 2.782500
v -6.637859 -29.799999 6.899151
v -2.923821 -29.799999 3.165183
v -2.707048 -29.799999 3.489607
v -6.145576 -29.799999 7.377215
v -2.382625 -29.799999 3.706379
v -1.999941 -29.799999 3.782500
v 6.145576 -29.799999 7.377215
v 1.999941 -29.799999 3.782500
v 2.382625 -29.799999 3.706379
v 2.707048 -29.799999 3.489607
v 6.637859 -29.799999 6.899151
v 6.394109 -29.799999 7.314147
v 6.572914 -29.799999 7.140506
v 2.923821 -29.799999 3.165183
v 2.999941 -29.799999 2.782500
v -6.394109 -29.799999 7.314147
v -6.572914 -29.799999 7.140506
v -6.572914 -29.799999 -7.140506
v -6.394109 -29.799999 -7.314147
v -6.145850 -16.576736 -4.700541
v 6.145850 -16.576736 -4.700541
v -6.149112 -16.553524 -4.702165
v 6.149112 -16.553524 -4.702165
v -6.152360 -16.530415 -4.704866
v 6.152360 -16.530415 -4.704866
v -6.208086 -16.361420 -4.760592
v 6.208086 -16.361420 -4.760592
v 6.319465 -16.222645 -4.871970
v -6.319465 -16.222645 -4.871970
v 6.472390 -16.131664 -5.024896
v -6.472390 -16.131664 -5.024896
v -2.191283 -24.638060 -2.094440
v -2.249941 -23.599998 -2.065513
v -2.353495 -24.746447 -1.986053
v -2.432954 -23.599998 -1.882500
v -2.461881 -24.908659 -1.823842
v -2.499941 -23.599998 -1.632500
v -2.499941 -25.100000 -1.632500
v -2.249941 -25.100000 -3.215513
v -2.244343 -24.911749 -3.175984
v -1.999941 -24.849998 -3.215513
v -1.999941 -24.666986 -3.032500
v -2.244343 -24.706516 -2.970750
v -2.249941 -24.666986 -2.782500
v -2.423620 -24.843855 -2.852396
v -2.432954 -24.849998 -2.782500
v -2.499941 -25.100000 -2.782500
v -2.423620 -25.030106 -3.038646
v -2.432954 -25.100000 -3.032500
v -2.461881 -24.908659 -1.823842
v -2.353495 -24.746447 -1.986053
v -2.191283 -24.638060 -2.094440
v -1.999941 -29.549999 -3.349487
v -2.175150 -29.549999 -3.321737
v -2.249941 -29.300001 -3.215513
v -2.333208 -29.549999 -3.241202
v -2.432954 -29.300001 -3.032500
v -2.458644 -29.549999 -3.115767
v -2.539178 -29.549999 -2.957709
v -2.713234 -29.733011 -3.014263
v -2.749941 -29.733011 -2.782500
v -2.499941 -29.300001 -2.782500
v -2.566929 -29.549999 -2.782500
v -2.606704 -29.733011 -3.223339
v -2.440780 -29.733011 -3.389263
v -2.231704 -29.733011 -3.495792
v -1.999941 -29.733011 -3.532500
v -2.499941 -25.100000 2.782500
v -2.499941 -29.300001 2.782500
v -2.499941 -25.100000 1.632500
v -2.499941 -23.599998 1.632500
v -2.499941 -22.799999 -3.282500
v -2.499941 -22.799999 3.282500
v -2.499941 -23.599998 -3.282500
v -2.499941 -23.599998 3.282500
v -8.487013 -16.166988 -8.892910
v -8.557049 -16.350000 -9.061992
v -8.582684 -16.600000 -9.123879
v -8.859740 -16.350000 -8.859740
v -8.907106 -16.600000 -8.907106
v -9.061992 -16.350000 -8.557049
v -9.123879 -16.600000 -8.582684
v -8.892910 -16.166988 -8.487013
v -8.730330 -16.166988 -8.730330
v -6.145576 -29.749327 -7.596543
v -6.393780 -29.774778 -7.487037
v -6.600019 -29.776962 -7.346593
v -6.738897 -29.777098 -7.142115
v -6.840753 -29.756985 -6.899151
v -7.008736 -29.635336 -6.899151
v -6.899801 -29.680809 -7.209492
v -6.781081 -29.760294 -7.159779
v -6.991152 -29.566486 -7.247745
v -7.112903 -29.455988 -6.899151
v -7.031449 -29.479485 -7.264619
v -6.790804 -29.565235 -7.543051
v -6.821106 -29.477829 -7.574255
v -6.511347 -29.451258 -7.784672
v -6.496274 -29.544924 -7.746563
v -6.145576 -29.607582 -7.771416
v -6.460026 -29.669209 -7.654803
v -6.411292 -29.756306 -7.531390
v -6.631961 -29.760063 -7.379485
v -6.721803 -29.680138 -7.471999
v -8.582654 -23.129620 -9.123892
v -8.897108 -23.145908 -8.916965
v -9.112855 -23.138195 -8.608285
v -9.199064 -23.102852 -8.243266
v -7.112903 -29.455988 6.899151
v -8.839368 -24.198261 8.011514
v 2.499941 -22.799999 3.282500
v 2.499941 -23.599998 3.282500
v -2.499941 -22.799999 3.282500
v -2.499941 -23.599998 3.282500
v 2.499941 -23.599998 1.632500
v 2.432954 -23.599998 1.882500
v 2.499941 -23.599998 3.282500
v 2.249941 -23.599998 2.065513
v 1.999941 -23.599998 2.132500
v -1.999941 -23.599998 2.132500
v -2.499941 -23.599998 3.282500
v -2.249941 -23.599998 2.065513
v -2.432954 -23.599998 1.882500
v -2.499941 -23.599998 1.632500
v -5.587444 -20.550001 4.463750
v -1.331533 -20.474613 4.503328
v -0.936750 -20.760262 4.353362
v -0.483470 -20.939114 4.259464
v 0.000000 -21.000000 4.227500
v 0.483470 -20.939114 4.259464
v 5.587444 -20.550001 4.463750
v 0.936750 -20.760262 4.353362
v 1.331533 -20.474613 4.503328
v -5.587444 -20.550001 -1.245994
v -5.323465 -20.742374 -0.968696
v -5.587444 -20.550001 -4.463750
v -2.499941 -22.799999 -3.282500
v -2.499941 -22.799999 3.282500
v -5.587444 -20.550001 4.463750
v -5.323465 -20.742374 0.968696
v -5.587444 -20.550001 1.245994
v -4.260050 -20.100000 9.275575
v -4.297048 -16.600000 9.285185
v -4.833217 -20.100000 9.497729
v -4.900000 -16.600000 9.534937
v -5.334847 -20.100000 9.853032
v -5.417767 -16.600000 9.932233
v -5.734612 -20.100000 10.320004
v -5.815063 -16.600000 10.450000
v -6.008342 -20.100000 10.870407
v -6.064815 -16.600000 11.052952
v -6.086706 -20.100000 11.141015
v -6.134126 -20.100000 11.418722
v -6.150000 -16.600000 11.700000
v -6.150000 -20.100000 11.700000
v -7.907308 -24.038361 9.001473
v -8.026475 -24.664825 8.817737
v -6.145576 -29.403494 7.866388
v -6.511347 -29.451258 7.784672
v -8.138328 -24.941092 8.667070
v -6.821106 -29.477829 7.574255
v -8.221558 -25.035639 8.566097
v -8.331910 -25.061249 8.444004
v -8.440804 -24.998497 8.334929
v -7.031449 -29.479485 7.264619
v -8.522381 -24.903625 8.259700
v -8.646943 -24.687714 8.154449
v 6.145576 -29.403494 7.866388
v 6.145576 -29.607582 7.771416
v -6.145576 -29.607582 7.771416
v 6.145576 -29.749327 7.596543
v -6.145576 -29.749327 7.596543
v -6.840753 -29.756985 6.899151
v -7.008736 -29.635336 6.899151
v -6.496434 -29.544655 7.746913
v -6.990823 -29.566137 7.247590
v -6.790917 -29.564960 7.543170
v -6.460161 -29.669109 7.655063
v -6.411371 -29.756308 7.531514
v -6.393914 -29.774727 7.487309
v -6.631958 -29.760063 7.379482
v -6.600123 -29.776915 7.346701
v -6.738717 -29.777042 7.142026
v -6.780753 -29.760284 7.159625
v -6.899540 -29.680674 7.209360
v -6.721885 -29.680033 7.472084
v -2.461881 -24.908659 1.823842
v -2.432954 -23.599998 1.882500
v -2.353495 -24.746447 1.986053
v -2.249941 -23.599998 2.065513
v -2.191283 -24.638060 2.094440
v -1.999941 -23.599998 2.132500
v -1.999941 -24.600000 2.132500
v 1.999941 -25.100000 3.282500
v -1.999941 -25.100000 3.282500
v 1.999941 -24.849998 3.215513
v -1.999941 -24.849998 3.215513
v 1.999941 -24.666986 3.032500
v -1.999941 -24.666986 3.032500
v 1.999941 -24.600000 2.782500
v -1.999941 -24.600000 2.782500
v -1.999941 -24.600000 2.132500
v -2.191283 -24.638060 2.094440
v -2.249941 -24.666986 2.782500
v -2.353495 -24.746447 1.986053
v -2.432954 -24.849998 2.782500
v -2.432954 -29.300001 3.032500
v -2.432954 -25.100000 3.032500
v -2.249941 -29.300001 3.215513
v -2.249941 -25.100000 3.215513
v -1.999941 -29.300001 3.282500
v -2.566929 -29.549999 2.782500
v -2.749941 -29.733011 2.782500
v 1.999941 -29.733011 3.532500
v -1.999941 -29.733011 3.532500
v 1.999941 -29.549999 3.349487
v -1.999941 -29.549999 3.349487
v 1.999941 -29.300001 3.282500
v -2.539178 -29.549999 2.957709
v -2.458644 -29.549999 3.115767
v -2.333208 -29.549999 3.241202
v -2.175150 -29.549999 3.321737
v -2.231704 -29.733011 3.495792
v -2.440780 -29.733011 3.389263
v -2.606704 -29.733011 3.223339
v -2.713234 -29.733011 3.014263
v -2.069838 -24.676321 3.038646
v -2.256088 -24.676321 2.852396
v -2.393425 -24.855598 2.970750
v -2.188192 -24.855598 3.175984
v -6.472390 -16.131664 5.024896
v 6.472390 -16.131664 5.024896
v 6.319465 -16.222645 4.871970
v -6.319465 -16.222645 4.871970
v 6.208086 -16.361420 4.760592
v -6.208086 -16.361420 4.760592
v -6.152360 -16.530415 4.704866
v 6.152360 -16.530415 4.704866
v -6.149112 -16.553524 4.702165
v 6.149112 -16.553524 4.702165
v -6.145850 -16.576736 4.700541
v 6.145850 -16.576736 4.700541
v -6.208086 -16.361420 4.760592
v -6.208086 -16.361420 -4.760592
v -6.319465 -16.222645 -4.871970
v -6.319465 -16.222645 4.871970
v -14.150000 -20.100000 15.150000
v -7.150000 -20.100000 15.150000
v -14.150000 -2.100000 15.150000
v -7.150000 -2.100000 15.150000
v -15.150000 -2.100000 14.150000
v -15.150000 -2.100000 7.150000
v -15.150000 -20.100000 14.150000
v -15.150000 -20.100000 7.150000
v -9.700001 -21.099998 6.522281
v -9.700001 -21.099998 7.074039
v -9.966246 -21.099998 6.690411
v -9.976127 -21.099998 7.011883
v -10.246526 -21.099998 6.833930
v -10.256196 -21.099998 6.971016
v -10.538569 -21.099998 6.951678
v -14.150000 -21.099998 9.450000
v -14.150000 -21.099998 7.150000
v -13.789066 -21.099998 8.691362
v -13.266295 -21.099998 8.033705
v -12.608638 -21.099998 7.510933
v -11.849999 -21.099998 7.150000
v -11.849999 -21.099998 14.150000
v -14.150000 -21.099998 14.150000
v -12.608638 -21.099998 13.789066
v -13.266295 -21.099998 13.266295
v -13.789066 -21.099998 12.608638
v -14.150000 -21.099998 11.849999
v -7.150000 -21.099998 11.849999
v -7.150000 -21.099998 14.150000
v -7.510933 -21.099998 12.608638
v -8.033705 -21.099998 13.266295
v -8.691362 -21.099998 13.789066
v -9.450000 -21.099998 14.150000
v -12.608638 -1.100000 13.789066
v -11.849999 -1.100000 14.150000
v -11.926976 -1.166987 13.854970
v -11.829033 -1.100008 14.154077
v -11.242638 -1.103943 14.238721
v -11.211023 -1.166987 14.054079
v -10.650001 -1.106897 14.267242
v -10.463221 -1.166987 14.094940
v -10.057363 -1.103943 14.238721
v -9.727028 -1.166987 13.974247
v -9.470967 -1.100008 14.154077
v -9.033991 -1.166987 13.698116
v -9.450000 -1.100000 14.150000
v -8.691362 -1.100000 13.789066
v -8.416517 -1.166987 13.279459
v -8.033705 -1.100000 13.266295
v -7.903479 -1.166987 12.737851
v -7.510933 -1.100000 12.608638
v -7.518865 -1.166987 12.098618
v -7.150000 -1.100000 11.849999
v -7.145923 -1.100008 11.829033
v -7.280659 -1.166987 11.391648
v -7.061278 -1.103943 11.242638
v -7.200000 -1.166987 10.650001
v -7.032759 -1.106897 10.650001
v -7.280659 -1.166987 9.908352
v -7.061278 -1.103943 10.057363
v -7.145923 -1.100008 9.470967
v -7.518865 -1.166987 9.201383
v -7.150000 -1.100000 9.450000
v -7.510933 -1.100000 8.691362
v -7.903479 -1.166987 8.562149
v -8.033705 -1.100000 8.033705
v -8.416517 -1.166987 8.020541
v -8.691362 -1.100000 7.510933
v -9.033991 -1.166987 7.601883
v -9.450000 -1.100000 7.150000
v -9.470967 -1.100008 7.145923
v -9.727028 -1.166987 7.325752
v -10.057363 -1.103943 7.061278
v -10.463221 -1.166987 7.205060
v -10.650001 -1.106897 7.032759
v -11.211023 -1.166987 7.245922
v -11.242638 -1.103943 7.061278
v -11.926976 -1.166987 7.445030
v -11.829033 -1.100008 7.145923
v -11.849999 -1.100000 7.150000
v -12.608638 -1.100000 7.510933
v -12.586096 -1.166987 7.794473
v -12.483391 -1.350000 7.945951
v -13.021818 -1.350000 8.403295
v -12.689757 -1.600000 8.184358
v -13.238854 -1.600000 8.769087
v -13.449341 -1.350000 8.965692
v -13.625284 -1.600000 9.472001
v -13.746117 -1.350000 9.607278
v -13.824767 -1.600000 10.248934
v -13.897837 -1.350000 10.296776
v -13.897837 -1.350000 11.003223
v -14.079776 -1.166987 10.276990
v -14.079776 -1.166987 11.023011
v -14.267242 -1.106897 10.650001
v -14.238721 -1.103943 11.242638
v -13.266295 -1.100000 8.033705
v -13.154684 -1.166987 8.277437
v -13.789066 -1.100000 8.691362
v -13.606157 -1.166987 8.871339
v -14.150000 -1.100000 9.450000
v -13.919711 -1.166987 9.549323
v -14.154077 -1.100008 9.470967
v -14.238721 -1.103943 10.057363
v -13.919711 -1.166987 11.750678
v -14.154077 -1.100008 11.829033
v -14.150000 -1.100000 11.849999
v -13.606157 -1.166987 12.428660
v -13.789066 -1.100000 12.608638
v -13.154684 -1.166987 13.022564
v -13.266295 -1.100000 13.266295
v -12.586096 -1.166987 13.505527
v -7.550534 -1.600000 11.445807
v -7.459393 -1.350000 11.352305
v -7.450000 -1.600000 10.650001
v -7.383013 -1.350000 10.650001
v -7.459393 -1.350000 9.947695
v -7.684963 -1.350000 12.021772
v -7.845819 -1.600000 12.191611
v -8.049174 -1.350000 12.627096
v -8.317301 -1.600000 12.840551
v -8.534997 -1.350000 13.139974
v -8.935354 -1.600000 13.351850
v -9.119716 -1.350000 13.536423
v -9.661146 -1.600000 13.693380
v -9.775989 -1.350000 13.797905
v -10.449071 -1.600000 13.843685
v -10.473128 -1.350000 13.912196
v -11.179901 -1.350000 13.873726
v -11.249619 -1.600000 13.793320
v -11.859237 -1.350000 13.684955
v -12.012493 -1.600000 13.545446
v -12.483391 -1.350000 13.354050
v -12.689757 -1.600000 13.115643
v -13.021818 -1.350000 12.896706
v -13.238854 -1.600000 12.530913
v -13.449341 -1.350000 12.334308
v -13.746117 -1.350000 11.692722
v -13.625284 -1.600000 11.827998
v -13.824767 -1.600000 11.051065
v -12.012493 -1.600000 7.754554
v -11.859237 -1.350000 7.615045
v -11.249619 -1.600000 7.506681
v -11.179901 -1.350000 7.426274
v -10.449071 -1.600000 7.456315
v -10.473128 -1.350000 7.387804
v -9.775989 -1.350000 7.502094
v -9.661146 -1.600000 7.606619
v -9.119716 -1.350000 7.763577
v -8.935354 -1.600000 7.948151
v -8.534997 -1.350000 8.160027
v -8.317301 -1.600000 8.459450
v -8.049174 -1.350000 8.672904
v -7.845819 -1.600000 9.108389
v -7.684963 -1.350000 9.278228
v -7.550534 -1.600000 9.854192
v -7.150000 -1.100000 14.150000
v -14.150000 -1.100000 14.150000
v -14.150000 -1.100000 7.150000
v -7.150000 -1.100000 7.150000
v -7.122440 -21.099621 11.700000
v -6.767316 -21.023880 11.849999
v -6.748300 -21.015770 11.700000
v -6.442893 -20.807106 11.849999
v -6.433215 -20.797295 11.700000
v -6.226120 -20.482683 11.849999
v -6.223505 -20.476307 11.700000
v -6.150000 -20.100000 11.849999
v -10.665559 -21.023880 6.590679
v -11.172033 -21.023880 6.722281
v -11.700000 -21.099621 7.122440
v -11.700000 -21.015770 6.748300
v -11.227952 -20.807106 6.402712
v -11.700000 -20.797295 6.433215
v -11.265489 -20.482683 6.189212
v -11.700000 -20.476307 6.223505
v -11.141015 -20.100000 6.086706
v -11.418722 -20.100000 6.134126
v -11.700000 -20.100000 6.150000
v -10.870407 -20.100000 6.008342
v -10.845147 -20.482683 6.080149
v -10.773214 -20.807106 6.284638
v -9.254569 -20.455046 4.423004
v -9.275575 -20.100000 4.260050
v -9.497729 -20.100000 4.833217
v -9.338259 -20.482683 4.678870
v -9.597787 -20.482683 5.138992
v -9.420892 -20.807106 5.264286
v -9.945715 -20.482683 5.536500
v -9.798098 -20.807106 5.695243
v -10.367413 -20.482683 5.854679
v -10.255280 -20.807106 6.040196
v -10.087461 -21.023880 6.317842
v -9.390382 -20.772655 5.161138
v -9.390382 -20.772655 5.161138
v -9.553378 -21.007301 5.858035
v -9.420892 -20.807106 5.264286
v -9.577171 -21.023880 5.932819
v -9.577171 -21.023880 5.932819
v -9.553378 -21.007301 5.858035
v -10.320004 -20.100000 5.734612
v -9.853032 -20.100000 5.334847
v -11.849999 -21.023880 6.767316
v -11.849999 -20.807106 6.442893
v -11.849999 -20.482683 6.226120
v -11.849999 -20.100000 6.150000
v -6.767316 -21.023880 14.150000
v -6.442893 -20.807106 14.150000
v -6.226120 -20.482683 14.150000
v -6.150000 -20.100000 14.150000
v -14.150000 -20.100000 6.150000
v -14.150000 -20.482683 6.226120
v -14.150000 -20.807106 6.442893
v -14.150000 -21.023880 6.767316
v -7.150000 -1.176121 6.767316
v -14.150000 -1.176121 6.767316
v -14.150000 -1.392893 6.442893
v -7.150000 -1.392893 6.442893
v -14.150000 -1.717317 6.226120
v -7.150000 -1.717317 6.226120
v -14.150000 -2.100000 6.150000
v -7.150000 -2.100000 6.150000
v -11.829041 -21.099991 14.154076
v -11.242639 -21.096056 14.238721
v -10.650001 -21.093103 14.267242
v -10.057362 -21.096056 14.238721
v -7.150000 -21.023880 14.532682
v -14.150000 -21.023880 14.532682
v -14.150000 -20.807106 14.857106
v -7.150000 -20.807106 14.857106
v -14.150000 -20.482683 15.073880
v -7.150000 -20.482683 15.073880
v -9.470960 -21.099991 14.154076
v -14.154076 -21.099991 9.470960
v -14.238721 -21.096056 10.057362
v -14.267242 -21.093103 10.650001
v -14.238721 -21.096056 11.242639
v -14.532682 -21.023880 14.150000
v -14.532682 -21.023880 7.150000
v -14.857106 -20.807106 7.150000
v -14.857106 -20.807106 14.150000
v -15.073880 -20.482683 7.150000
v -15.073880 -20.482683 14.150000
v -14.154076 -21.099991 11.829041
v -14.532682 -1.176121 7.150000
v -14.532682 -1.176121 14.150000
v -14.857106 -1.392893 14.150000
v -14.857106 -1.392893 7.150000
v -15.073880 -1.717317 14.150000
v -15.073880 -1.717317 7.150000
v -14.150000 -1.176121 14.532682
v -7.150000 -1.176121 14.532682
v -7.150000 -1.392893 14.857106
v -14.150000 -1.392893 14.857106
v -7.150000 -1.717317 15.073880
v -14.150000 -1.717317 15.073880
v -15.073880 -2.100000 14.532682
v -15.073880 -20.100000 14.532682
v -14.857106 -2.100000 14.857106
v -14.857106 -20.100000 14.857106
v -14.532682 -2.100000 15.073880
v -14.532682 -20.100000 15.073880
v -14.453281 -1.205446 14.478320
v -14.803282 -1.446719 14.532682
v -15.044554 -1.796718 14.478320
v -14.893823 -1.953700 14.802169
v -14.420597 -1.829402 15.073880
v -14.650001 -1.600000 14.857106
v -14.296299 -1.356177 14.802169
v -14.453281 -20.994553 14.478320
v -14.296299 -20.843822 14.802169
v -14.420597 -20.370598 15.073880
v -14.650001 -20.599998 14.857106
v -14.803282 -20.753281 14.532682
v -14.893823 -20.246300 14.802169
v -15.044554 -20.403282 14.478320
v -15.073880 -20.100000 6.767316
v -15.073880 -2.100000 6.767316
v -14.857106 -20.100000 6.442893
v -14.857106 -2.100000 6.442893
v -14.532682 -20.100000 6.226120
v -14.532682 -2.100000 6.226120
v -14.453281 -1.205446 6.821680
v -14.296299 -1.356177 6.497832
v -14.420597 -1.829402 6.226120
v -14.650001 -1.600000 6.442893
v -14.803282 -1.446719 6.767316
v -14.893823 -1.953700 6.497832
v -15.044554 -1.796718 6.821680
v -6.767316 -1.176121 14.150000
v -6.767316 -1.176121 7.150000
v -6.442893 -1.392893 7.150000
v -6.442893 -1.392893 14.150000
v -6.226120 -1.717317 7.150000
v -6.226120 -1.717317 14.150000
v -6.150000 -2.100000 7.150000
v -6.150000 -2.100000 14.150000
v -6.226120 -20.100000 14.532682
v -6.226120 -2.100000 14.532682
v -6.442893 -20.100000 14.857106
v -6.442893 -2.100000 14.857106
v -6.767316 -20.100000 15.073880
v -6.767316 -2.100000 15.073880
v -6.821680 -1.205446 14.453281
v -6.767316 -1.446719 14.803282
v -6.821680 -1.796718 15.044554
v -6.497832 -1.953700 14.893823
v -6.226120 -1.829402 14.420597
v -6.442893 -1.600000 14.650001
v -6.497832 -1.356177 14.296299
v -14.453281 -20.994553 6.821680
v -14.803282 -20.753281 6.767316
v -15.044554 -20.403282 6.821680
v -14.893823 -20.246300 6.497832
v -14.420597 -20.370598 6.226120
v -14.650001 -20.599998 6.442893
v -14.296299 -20.843822 6.497832
v -6.821680 -20.994553 14.453281
v -6.497832 -20.843822 14.296299
v -6.226120 -20.370598 14.420597
v -6.442893 -20.599998 14.650001
v -6.767316 -20.753281 14.803282
v -6.497832 -20.246300 14.893823
v -6.821680 -20.403282 15.044554
v -6.846718 -1.205446 6.821680
v -6.496718 -1.446719 6.767316
v -6.255446 -1.796718 6.821680
v -6.226120 -2.100000 6.767316
v -6.406177 -1.953700 6.497832
v -6.442893 -2.100000 6.442893
v -6.767316 -2.100000 6.226120
v -6.879402 -1.829402 6.226120
v -6.650000 -1.600000 6.442893
v -7.003700 -1.356177 6.497832
v -6.722281 -21.023880 11.172033
v -6.951678 -21.099998 10.538569
v -6.590679 -21.023880 10.665559
v -6.284638 -20.807106 10.773214
v -6.402712 -20.807106 11.227952
v -6.189212 -20.482683 11.265489
v -6.080149 -20.482683 10.845147
v -11.700000 -16.600000 6.150000
v -11.052952 -16.600000 6.064815
v -10.450000 -16.600000 5.815063
v -9.932233 -16.600000 5.417767
v -9.534937 -16.600000 4.900000
v -9.285185 -16.600000 4.297048
v -5.364597 -16.166988 9.549963
v -5.814828 -16.147259 9.943506
v -5.800037 -16.166988 9.985403
v -5.978251 -16.264421 10.478407
v -5.656952 -16.350000 10.099510
v -5.962775 -16.350000 10.586226
v -6.102812 -16.422907 11.070503
v -5.250490 -16.350000 9.693048
v -4.843180 -16.166988 9.222336
v -4.261933 -16.166988 9.018948
v -4.221209 -16.350000 9.197372
v -4.763774 -16.350000 9.387224
v 3.650000 -16.166988 8.950000
v 3.650000 -16.350000 9.133013
v -11.071118 -16.422899 6.102235
v -10.586226 -16.350000 5.962775
v -10.099510 -16.350000 5.656952
v -9.693048 -16.350000 5.250490
v -9.387224 -16.350000 4.763774
v -9.197372 -16.350000 4.221209
v -9.018948 -16.166988 4.261933
v -9.222336 -16.166988 4.843180
v -9.549963 -16.166988 5.364597
v -9.943750 -16.147303 5.814898
v -9.985403 -16.166988 5.800037
v -10.478311 -16.264404 5.978275
v -7.150000 -15.599999 6.150000
v -9.463932 -15.599999 6.150000
v -10.077487 -15.694605 6.150000
v -10.650459 -15.928807 6.150000
v -6.150000 -15.599999 7.150000
v -6.226120 -15.599999 6.767316
v -6.442893 -15.599999 6.442893
v -6.767316 -15.599999 6.226120
v -6.150000 -16.596348 11.694836
v -6.150000 -15.927401 10.647649
v -6.150000 -15.694069 10.075637
v -6.150000 -15.599999 9.463932
v -6.083013 -15.850000 9.463932
v -6.120051 -15.801749 9.795314
v -6.128328 -15.864476 10.131746
v -6.141891 -16.107939 10.792369
v -6.147871 -16.341261 11.247238
v -6.146274 -16.353563 11.238979
v -6.150000 -16.596956 11.694405
v -6.146274 -16.353563 11.238979
v -6.150000 -16.596956 11.694405
v -6.150000 -16.596956 11.694405
v -6.150000 -16.596956 11.694405
v -6.150000 -16.596956 11.694405
v -6.150000 -16.600000 11.700000
v -6.150000 -16.596809 11.694510
v -6.068630 -16.267483 10.701319
v -6.128211 -16.423985 11.191740
v -6.149997 -16.597824 11.693792
v -6.139100 -16.389101 11.215129
v -5.941780 -16.111259 10.048479
v -5.869877 -16.075813 9.745010
v -5.900000 -16.033012 9.463932
v -6.002667 -15.982747 9.762093
v -6.097993 -15.852587 9.785982
v -6.112275 -15.907101 10.117361
v -6.135827 -16.132717 10.778218
v -6.150000 -16.600000 11.700000
v -6.042106 -16.020508 10.079094
v -6.108835 -16.202595 10.738330
v -6.083013 -15.850000 7.150000
v -5.900000 -16.033012 7.150000
v -6.135235 -15.850000 6.820283
v -5.961179 -16.033012 6.763729
v -6.138729 -16.033012 6.415268
v -6.415268 -16.033012 6.138729
v -6.763729 -16.033012 5.961179
v -7.150000 -16.033012 5.900000
v -7.150000 -15.850000 6.083013
v -6.820283 -15.850000 6.135235
v -6.522841 -15.850000 6.286789
v -6.286789 -15.850000 6.522841
v -9.463932 -15.850000 6.083013
v -9.463932 -16.033012 5.900000
v -9.976538 -15.829708 6.124537
v -9.964028 -15.876085 6.105823
v -9.931705 -15.995924 6.025932
v -10.473472 -16.012154 6.125974
v -10.430899 -16.101807 6.081645
v -10.929303 -16.200848 6.139892
v -10.894040 -16.258682 6.120979
v -11.381053 -16.427977 6.148162
v -11.364410 -16.452219 6.144681
v -9.906863 -16.088024 5.913319
v -10.393505 -16.180647 6.016951
v -10.860567 -16.313665 6.092711
v -11.348014 -16.476223 6.139373
v -10.489145 -15.979168 6.136199
v -10.941870 -16.180252 6.144208
v -11.386887 -16.419498 6.148949
v -9.224850 -21.107244 7.784870
v -9.228790 -21.191236 7.691054
v -9.233887 -21.357439 7.400721
v -9.266988 -21.350000 7.074039
v -9.258249 -21.307720 7.381281
v -9.372894 -21.173721 7.328880
v -9.348047 -21.053669 7.562972
v -9.486981 -20.982553 7.496741
v -9.451204 -20.811491 7.642651
v -9.542757 -20.794739 7.605344
v -9.521914 -20.602123 7.655435
v -9.524075 -20.599998 7.654622
v -9.249561 -21.154711 7.657050
v -9.296495 -20.906918 7.750339
v -9.328584 -20.852055 7.732818
v -9.296495 -20.906918 7.750339
v -9.521914 -20.602123 7.655435
v -9.328584 -20.852055 7.732818
v -9.589042 -20.956783 7.472724
v -9.531764 -21.087418 7.295127
v -9.450000 -21.166988 7.074039
v -9.645967 -21.062925 7.285543
v -9.266988 -21.350000 6.522281
v -9.450000 -21.166988 6.522281
v -9.227637 -21.343357 5.882321
v -9.216777 -21.128727 5.255945
v -9.208655 -20.857243 4.739567
v -9.202804 -20.534901 4.245300
v -9.200060 -20.163921 3.735669
v -9.204920 -20.521620 4.256018
v -9.200106 -20.162018 3.737316
v -9.214361 -20.483582 4.286674
v -9.200309 -20.156506 3.742083
v -9.228643 -20.446495 4.316479
v -9.200619 -20.150995 3.746848
v -9.200619 -20.150995 3.746848
v -9.200000 -20.100000 3.650000
v -9.336591 -21.170595 5.931084
v -9.248151 -21.295012 5.895967
v -9.460647 -21.078615 5.957046
v -9.363837 -20.914221 5.367413
v -9.286769 -20.701712 4.846537
v -9.284215 -20.996208 5.324810
v -9.243959 -20.764690 4.803253
v -9.229322 -21.092937 5.274545
v -9.215164 -20.832872 4.756342
v -5.860013 -21.007795 9.553865
v -5.932819 -21.023880 9.577171
v -6.522281 -21.099998 9.700001
v -6.522281 -21.099998 9.700001
v -5.932819 -21.023880 9.577171
v -6.317842 -21.023880 10.087461
v -6.690411 -21.099998 9.966246
v -6.833930 -21.099998 10.246526
v -5.164230 -20.773905 9.391047
v -5.264286 -20.807106 9.420892
v -5.860013 -21.007795 9.553865
v -5.695243 -20.807106 9.798098
v -4.428079 -20.457375 9.255647
v -4.678870 -20.482683 9.338259
v -5.164230 -20.773905 9.391047
v -5.138992 -20.482683 9.597787
v -5.264286 -20.807106 9.420892
v -3.656925 -20.103199 9.200005
v -5.536500 -20.482683 9.945715
v -6.040196 -20.807106 10.255280
v -5.854679 -20.482683 10.367413
v -7.074039 -21.099998 9.700001
v -7.011883 -21.099998 9.976127
v -6.971016 -21.099998 10.256196
v -7.470287 -20.599998 10.290241
v -7.654622 -20.599998 9.524075
v -7.416029 -20.850000 10.186710
v -7.605042 -20.794477 9.542915
v -7.472718 -20.956806 9.589060
v -7.234866 -21.033012 10.160757
v -7.285548 -21.062918 9.645960
v -7.209691 -21.033012 10.908404
v -7.346267 -21.033012 11.643904
v -7.638171 -21.033012 12.332673
v -8.071681 -21.033012 12.942329
v -8.626414 -21.033012 13.444208
v -9.276289 -21.033012 13.814714
v -9.990750 -21.033012 14.036427
v -10.736207 -21.033012 14.098923
v -11.477610 -21.033012 13.999263
v -12.180103 -21.033012 13.742133
v -12.810656 -21.033012 13.339622
v -13.339622 -21.033012 12.810656
v -13.742133 -21.033012 12.180103
v -13.999263 -21.033012 11.477610
v -14.098923 -21.033012 10.736207
v -14.036427 -21.033012 9.990750
v -13.814714 -21.033012 9.276289
v -13.444208 -21.033012 8.626414
v -12.942329 -21.033012 8.071681
v -12.332673 -21.033012 7.638171
v -11.643904 -21.033012 7.346267
v -10.908404 -21.033012 7.209691
v -10.160757 -21.033012 7.234866
v -10.186710 -20.850000 7.416029
v -10.894697 -20.850000 7.392190
v -11.591181 -20.850000 7.521520
v -12.243412 -20.850000 7.797940
v -12.820728 -20.850000 8.208454
v -13.295983 -20.850000 8.733760
v -13.646835 -20.850000 9.349160
v -13.856787 -20.850000 10.025722
v -13.915967 -20.850000 10.731634
v -13.821593 -20.850000 11.433707
v -13.578104 -20.850000 12.098934
v -13.196945 -20.850000 12.696038
v -12.696038 -20.850000 13.196945
v -12.098934 -20.850000 13.578104
v -11.433707 -20.850000 13.821593
v -10.731634 -20.850000 13.915967
v -10.025722 -20.850000 13.856787
v -9.349160 -20.850000 13.646835
v -8.733760 -20.850000 13.295983
v -8.208454 -20.850000 12.820728
v -7.797940 -20.850000 12.243412
v -7.521520 -20.850000 11.591181
v -7.392190 -20.850000 10.894697
v -10.290241 -20.599998 7.470287
v -11.078224 -20.599998 7.478782
v -11.840239 -20.599998 7.679591
v -12.530073 -20.599998 8.060535
v -13.105893 -20.599998 8.598516
v -13.532780 -20.599998 9.260904
v -13.784842 -20.599998 10.007533
v -13.846798 -20.599998 10.793123
v -13.714888 -20.599998 11.570034
v -13.397112 -20.599998 12.291150
v -12.912742 -20.599998 12.912742
v -12.291150 -20.599998 13.397112
v -11.570034 -20.599998 13.714888
v -10.793123 -20.599998 13.846798
v -10.007533 -20.599998 13.784842
v -9.260904 -20.599998 13.532780
v -8.598516 -20.599998 13.105893
v -8.060535 -20.599998 12.530073
v -7.679591 -20.599998 11.840239
v -7.478782 -20.599998 11.078224
v -7.655435 -20.602123 9.521914
v -8.026475 -24.664825 8.817737
v -7.907308 -24.038361 9.001473
v -7.797369 -21.320610 9.200000
v -7.797369 -23.099998 9.200000
v -9.296495 -20.906918 7.750339
v -9.224850 -21.107244 7.784870
v -9.200000 -21.320610 7.797369
v -9.200000 -23.099998 7.797369
v -8.839368 -24.198261 8.011514
v -7.784870 -21.107244 9.224850
v -7.750339 -20.906918 9.296495
v -6.522281 -21.166988 9.450000
v -7.074039 -21.166988 9.450000
v -6.522281 -21.350000 9.266988
v -7.074039 -21.350000 9.266988
v -6.140063 -21.389385 9.232242
v -5.752867 -21.310078 9.225482
v -5.007940 -21.007622 9.212762
v -4.018161 -20.372450 9.201124
v -3.655889 -20.104393 9.200000
v -4.064897 -20.316593 9.211759
v -3.656925 -20.103199 9.200005
v -4.064897 -20.316593 9.211759
v -3.656925 -20.103199 9.200005
v -3.656925 -20.103199 9.200005
v -3.656925 -20.103199 9.200005
v -3.650000 -20.100000 9.200000
v -5.122610 -20.818014 9.327773
v -5.839148 -21.051695 9.444788
v -6.187189 -21.110556 9.502613
v -6.171741 -21.202660 9.359344
v -6.148956 -21.337040 9.255852
v -3.655889 -20.104393 9.200000
v -3.650000 -20.100000 9.200000
v -3.655889 -20.104393 9.200000
v -3.655889 -20.104393 9.200000
v -3.650000 -20.100000 9.200000
v -3.655889 -20.104393 9.200000
v -5.808519 -21.143408 9.327255
v -5.768104 -21.264442 9.244235
v -5.077364 -20.892839 9.264914
v -5.026176 -20.977474 9.222235
v -4.045115 -20.340311 9.205832
v -4.025007 -20.364302 9.201966
v -3.655889 -20.104393 9.200000
v -4.025007 -20.364302 9.201966
v -3.655889 -20.104393 9.200000
v -3.655889 -20.104393 9.200000
v -3.655889 -20.104393 9.200000
v -4.018161 -20.372450 9.201124
v -7.670107 -20.748980 9.444274
v -7.594912 -20.884041 9.463389
v -7.677253 -20.937981 9.335151
v -7.481954 -20.993654 9.490610
v -7.545789 -21.066612 9.350012
v -7.343528 -21.070129 9.521650
v -7.384974 -21.154404 9.367205
v -7.210028 -21.107655 9.549337
v -7.230500 -21.195560 9.382772
v -7.263565 -21.337551 9.261706
v -7.275936 -21.390682 9.235958
v -7.471103 -21.329641 9.232733
v -7.670055 -21.208658 9.229208
v -7.784870 -21.107244 9.224850
v -7.637071 -21.170956 9.250221
v -7.750339 -20.906918 9.296495
v -7.447940 -21.282509 9.256224
v 7.907308 -24.038361 9.001473
v 2.499941 -29.300001 2.782500
v 2.499941 -25.100000 1.632500
v 2.499941 -25.100000 2.782500
v 2.499941 -23.599998 1.632500
v 2.499941 -22.799999 -3.282500
v 2.499941 -23.599998 -3.282500
v 2.499941 -23.599998 3.282500
v 2.499941 -22.799999 3.282500
v 5.587444 -20.550001 1.245994
v 5.323465 -20.742374 0.968696
v 5.587444 -20.550001 4.463750
v 2.499941 -22.799999 3.282500
v 2.499941 -22.799999 -3.282500
v 5.587444 -20.550001 -4.463750
v 5.323465 -20.742374 -0.968696
v 5.587444 -20.550001 -1.245994
v 7.008736 -29.635336 6.899151
v 6.840753 -29.756985 6.899151
v 8.646943 -24.687714 8.154449
v 7.031449 -29.479485 7.264619
v 8.522381 -24.903625 8.259700
v 8.440804 -24.998497 8.334929
v 6.821106 -29.477829 7.574255
v 8.331910 -25.061249 8.444004
v 8.221558 -25.035639 8.566097
v 8.138328 -24.941092 8.667070
v 6.511347 -29.451258 7.784672
v 8.026475 -24.664825 8.817737
v 6.738897 -29.777098 7.142115
v 6.781081 -29.760294 7.159779
v 6.899801 -29.680809 7.209492
v 6.631961 -29.760063 7.379485
v 6.721803 -29.680138 7.471999
v 6.460026 -29.669209 7.654803
v 6.496274 -29.544924 7.746563
v 6.790804 -29.565235 7.543051
v 6.991152 -29.566486 7.247745
v 6.411292 -29.756306 7.531390
v 6.600019 -29.776962 7.346593
v 6.393780 -29.774778 7.487037
v 1.999941 -24.600000 2.132500
v 1.999941 -23.599998 2.132500
v 1.999941 -24.600000 2.132500
v 2.432954 -25.100000 3.032500
v 2.432954 -29.300001 3.032500
v 2.249941 -25.100000 3.215513
v 2.249941 -29.300001 3.215513
v 2.749941 -29.733011 2.782500
v 2.566929 -29.549999 2.782500
v 2.175150 -29.549999 3.321737
v 2.333208 -29.549999 3.241202
v 2.458644 -29.549999 3.115767
v 2.539178 -29.549999 2.957709
v 2.713234 -29.733011 3.014263
v 2.606704 -29.733011 3.223339
v 2.440780 -29.733011 3.389263
v 2.231704 -29.733011 3.495792
v 2.461881 -24.908659 1.823842
v 2.432954 -24.849998 2.782500
v 2.353495 -24.746447 1.986053
v 2.249941 -24.666986 2.782500
v 2.191283 -24.638060 2.094440
v 2.244343 -24.911749 3.175984
v 2.244343 -24.706516 2.970750
v 2.423620 -24.843855 2.852396
v 2.423620 -25.030106 3.038646
v 2.191283 -24.638060 2.094440
v 2.249941 -23.599998 2.065513
v 2.353495 -24.746447 1.986053
v 2.432954 -23.599998 1.882500
v 6.951678 -21.099998 10.538569
v 6.737009 -21.099998 10.050644
v 6.993964 -21.099998 10.081318
v 7.092564 -21.099998 9.632825
v 6.450733 -21.099998 9.600977
v 7.245958 -21.099998 9.200000
v 6.099490 -21.099998 9.200000
v 7.256977 -21.033012 11.274415
v 7.122440 -21.099621 11.700000
v 7.471551 -21.033012 11.991627
v 7.150000 -21.099998 11.849999
v 7.510933 -21.099998 12.608638
v 7.835785 -21.033012 12.645669
v 8.033705 -21.099998 13.266295
v 8.332528 -21.033012 13.205743
v 8.691362 -21.099998 13.789066
v 8.938390 -21.033012 13.645478
v 9.450000 -21.099998 14.150000
v 9.624845 -21.033012 13.944170
v 9.470960 -21.099991 14.154076
v 10.057362 -21.096056 14.238721
v 10.359570 -21.033012 14.087753
v 10.650001 -21.093103 14.267242
v 11.107969 -21.033012 14.069469
v 11.242639 -21.096056 14.238721
v 11.834805 -21.033012 13.890176
v 11.829041 -21.099991 14.154076
v 11.849999 -21.099998 14.150000
v 12.608638 -21.099998 13.789066
v 12.505854 -21.033012 13.558317
v 13.266295 -21.099998 13.266295
v 13.089519 -21.033012 13.089519
v 13.558317 -21.033012 12.505854
v 12.960109 -20.850000 12.960109
v 13.404039 -20.850000 12.407406
v 13.173046 -20.599998 12.618309
v 13.576137 -20.599998 11.945269
v 7.202165 -21.033012 10.527802
v 7.309696 -21.033012 9.786941
v 7.448864 -21.064169 9.200000
v 7.626174 -20.960377 9.200000
v 7.486890 -20.850000 9.832724
v 7.385063 -20.850000 10.534283
v 7.436967 -20.850000 11.241292
v 7.640159 -20.850000 11.920458
v 7.985072 -20.850000 12.539804
v 8.455463 -20.850000 13.070168
v 9.029186 -20.850000 13.486577
v 9.679226 -20.850000 13.769424
v 10.374976 -20.850000 13.905391
v 11.083675 -20.850000 13.888075
v 11.771955 -20.850000 13.718294
v 12.407406 -20.850000 13.404039
v 7.751324 -20.798428 9.200000
v 7.530294 -20.599998 9.937655
v 7.450726 -20.599998 10.718125
v 7.563446 -20.599998 11.494502
v 7.861681 -20.599998 12.220119
v 8.327504 -20.599998 12.851366
v 8.932920 -20.599998 13.350304
v 9.641538 -20.599998 13.686939
v 10.410769 -20.599998 13.841045
v 7.797369 -20.599998 9.200000
v 11.194380 -20.599998 13.803356
v 11.945269 -20.599998 13.576137
v 12.618309 -20.599998 13.173046
v 13.718294 -20.850000 11.771955
v 13.803356 -20.599998 11.194380
v 13.888075 -20.850000 11.083675
v 13.841045 -20.599998 10.410769
v 13.905391 -20.850000 10.374976
v 13.769424 -20.850000 9.679226
v 13.944170 -21.033012 9.624845
v 13.645478 -21.033012 8.938390
v 14.154076 -21.099991 9.470960
v 14.150000 -21.099998 9.450000
v 13.789066 -21.099998 8.691362
v 13.205743 -21.033012 8.332528
v 13.266295 -21.099998 8.033705
v 12.645669 -21.033012 7.835785
v 12.608638 -21.099998 7.510933
v 11.991627 -21.033012 7.471551
v 11.849999 -21.099998 7.150000
v 11.700000 -21.099621 7.122440
v 11.274415 -21.033012 7.256977
v 10.538569 -21.099998 6.951678
v 10.527802 -21.033012 7.202165
v 10.081318 -21.099998 6.993964
v 9.786941 -21.033012 7.309696
v 9.632825 -21.099998 7.092564
v 9.200000 -21.064169 7.448864
v 9.200000 -21.099998 7.245958
v 13.686939 -20.599998 9.641538
v 13.486577 -20.850000 9.029186
v 13.350304 -20.599998 8.932920
v 13.070168 -20.850000 8.455463
v 12.851366 -20.599998 8.327504
v 12.539804 -20.850000 7.985072
v 12.220119 -20.599998 7.861681
v 11.920458 -20.850000 7.640159
v 11.494502 -20.599998 7.563446
v 11.241292 -20.850000 7.436967
v 10.718125 -20.599998 7.450726
v 10.534283 -20.850000 7.385063
v 9.937655 -20.599998 7.530294
v 9.832724 -20.850000 7.486890
v 9.200000 -20.960377 7.626174
v 9.200000 -20.599998 7.797369
v 9.200000 -20.798428 7.751324
v 14.238721 -21.096056 10.057362
v 14.087753 -21.033012 10.359570
v 14.267242 -21.093103 10.650001
v 14.069469 -21.033012 11.107969
v 14.238721 -21.096056 11.242639
v 13.890176 -21.033012 11.834805
v 14.154076 -21.099991 11.829041
v 14.150000 -21.099998 11.849999
v 13.789066 -21.099998 12.608638
v 6.319465 -16.222645 -4.871970
v 6.319465 -16.222645 4.871970
v 6.208086 -16.361420 -4.760592
v 6.208086 -16.361420 4.760592
v 7.797369 -23.099998 9.200000
v 7.845819 -1.600000 9.108389
v 7.550534 -1.600000 9.854192
v 7.450000 -1.600000 10.650001
v 7.550534 -1.600000 11.445807
v 7.845819 -1.600000 12.191611
v 8.317301 -1.600000 12.840551
v 8.935354 -1.600000 13.351850
v 9.661146 -1.600000 13.693380
v 10.449071 -1.600000 13.843685
v 11.249619 -1.600000 13.793320
v 12.012493 -1.600000 13.545446
v 12.689757 -1.600000 13.115643
v 13.238854 -1.600000 12.530913
v 13.625284 -1.600000 11.827998
v 13.824767 -1.600000 11.051065
v 13.824767 -1.600000 10.248934
v 13.625284 -1.600000 9.472001
v 13.238854 -1.600000 8.769087
v 12.689757 -1.600000 8.184358
v 12.012493 -1.600000 7.754554
v 11.249619 -1.600000 7.506681
v 10.449071 -1.600000 7.456315
v 9.661146 -1.600000 7.606619
v 8.935354 -1.600000 7.948151
v 9.200000 -23.099998 7.797369
v 8.839368 -24.198261 8.011514
v 8.646943 -24.687714 8.154449
v 8.317301 -1.600000 8.459450
v 7.907308 -24.038361 9.001473
v 14.150000 -2.100000 15.150000
v 7.150000 -2.100000 15.150000
v 14.150000 -20.100000 15.150000
v 7.150000 -20.100000 15.150000
v 15.150000 -20.100000 14.150000
v 15.150000 -20.100000 7.150000
v 15.150000 -2.100000 14.150000
v 15.150000 -2.100000 7.150000
v 7.150000 -21.099998 14.150000
v 14.150000 -21.099998 14.150000
v 14.150000 -21.099998 7.150000
v 9.200000 -21.099998 6.099490
v 9.600977 -21.099998 6.450733
v 10.050644 -21.099998 6.737009
v 9.275575 -20.100000 4.260050
v 9.285185 -16.600000 4.297048
v 9.497729 -20.100000 4.833217
v 9.534937 -16.600000 4.900000
v 9.853032 -20.100000 5.334847
v 9.932233 -16.600000 5.417767
v 10.320004 -20.100000 5.734612
v 10.450000 -16.600000 5.815063
v 10.870407 -20.100000 6.008342
v 11.052952 -16.600000 6.064815
v 11.141015 -20.100000 6.086706
v 11.418722 -20.100000 6.134126
v 11.700000 -16.600000 6.150000
v 11.700000 -20.100000 6.150000
v 14.154077 -1.100008 11.829033
v 13.919711 -1.166987 11.750678
v 14.150000 -1.100000 11.849999
v 13.606157 -1.166987 12.428660
v 13.789066 -1.100000 12.608638
v 13.154684 -1.166987 13.022564
v 13.266295 -1.100000 13.266295
v 12.586096 -1.166987 13.505527
v 12.608638 -1.100000 13.789066
v 11.926976 -1.166987 13.854970
v 11.849999 -1.100000 14.150000
v 11.829033 -1.100008 14.154077
v 11.242638 -1.103943 14.238721
v 11.211023 -1.166987 14.054079
v 10.650001 -1.106897 14.267242
v 10.463221 -1.166987 14.094940
v 10.057363 -1.103943 14.238721
v 9.727028 -1.166987 13.974247
v 9.470967 -1.100008 14.154077
v 9.033991 -1.166987 13.698116
v 9.450000 -1.100000 14.150000
v 8.691362 -1.100000 13.789066
v 8.416517 -1.166987 13.279459
v 8.033705 -1.100000 13.266295
v 7.903479 -1.166987 12.737851
v 7.510933 -1.100000 12.608638
v 7.518865 -1.166987 12.098618
v 7.150000 -1.100000 11.849999
v 7.145923 -1.100008 11.829033
v 7.280659 -1.166987 11.391648
v 7.061278 -1.103943 11.242638
v 7.200000 -1.166987 10.650001
v 7.032759 -1.106897 10.650001
v 7.061278 -1.103943 10.057363
v 7.280659 -1.166987 9.908352
v 7.145923 -1.100008 9.470967
v 7.518865 -1.166987 9.201383
v 7.150000 -1.100000 9.450000
v 7.510933 -1.100000 8.691362
v 7.903479 -1.166987 8.562149
v 8.033705 -1.100000 8.033705
v 8.416517 -1.166987 8.020541
v 8.691362 -1.100000 7.510933
v 9.033991 -1.166987 7.601883
v 9.450000 -1.100000 7.150000
v 9.470967 -1.100008 7.145923
v 9.727028 -1.166987 7.325752
v 10.057363 -1.103943 7.061278
v 10.463221 -1.166987 7.205060
v 10.650001 -1.106897 7.032759
v 11.211023 -1.166987 7.245922
v 11.242638 -1.103943 7.061278
v 11.926976 -1.166987 7.445030
v 11.829033 -1.100008 7.145923
v 11.849999 -1.100000 7.150000
v 12.608638 -1.100000 7.510933
v 12.586096 -1.166987 7.794473
v 13.266295 -1.100000 8.033705
v 13.154684 -1.166987 8.277437
v 13.789066 -1.100000 8.691362
v 13.606157 -1.166987 8.871339
v 14.150000 -1.100000 9.450000
v 13.919711 -1.166987 9.549323
v 14.154077 -1.100008 9.470967
v 14.238721 -1.103943 10.057363
v 14.079776 -1.166987 10.276990
v 14.267242 -1.106897 10.650001
v 14.079776 -1.166987 11.023011
v 14.238721 -1.103943 11.242638
v 7.459393 -1.350000 9.947695
v 7.383013 -1.350000 10.650001
v 7.459393 -1.350000 11.352305
v 7.684963 -1.350000 9.278228
v 8.049174 -1.350000 8.672904
v 8.534997 -1.350000 8.160027
v 9.119716 -1.350000 7.763577
v 9.775989 -1.350000 7.502094
v 10.473128 -1.350000 7.387804
v 11.179901 -1.350000 7.426274
v 11.859237 -1.350000 7.615045
v 12.483391 -1.350000 7.945951
v 13.021818 -1.350000 8.403295
v 13.449341 -1.350000 8.965692
v 13.746117 -1.350000 9.607278
v 13.897837 -1.350000 10.296776
v 13.897837 -1.350000 11.003223
v 13.746117 -1.350000 11.692722
v 13.449341 -1.350000 12.334308
v 13.021818 -1.350000 12.896706
v 12.483391 -1.350000 13.354050
v 11.859237 -1.350000 13.684955
v 11.179901 -1.350000 13.873726
v 10.473128 -1.350000 13.912196
v 9.775989 -1.350000 13.797905
v 9.119716 -1.350000 13.536423
v 8.534997 -1.350000 13.139974
v 8.049174 -1.350000 12.627096
v 7.684963 -1.350000 12.021772
v 14.150000 -1.100000 7.150000
v 14.150000 -1.100000 14.150000
v 7.150000 -1.100000 14.150000
v 7.150000 -1.100000 7.150000
v 6.767316 -21.023880 11.849999
v 6.748300 -21.015770 11.700000
v 6.442893 -20.807106 11.849999
v 6.433215 -20.797295 11.700000
v 6.226120 -20.482683 11.849999
v 6.223505 -20.476307 11.700000
v 6.150000 -20.100000 11.849999
v 6.150000 -20.100000 11.700000
v 11.700000 -21.015770 6.748300
v 11.172033 -21.023880 6.722281
v 10.665559 -21.023880 6.590679
v 10.773214 -20.807106 6.284638
v 11.227952 -20.807106 6.402712
v 11.700000 -20.797295 6.433215
v 11.265489 -20.482683 6.189212
v 11.700000 -20.476307 6.223505
v 10.845147 -20.482683 6.080149
v 10.367413 -20.482683 5.854679
v 10.255280 -20.807106 6.040196
v 10.087461 -21.023880 6.317842
v 9.577171 -21.023880 5.932819
v 9.200000 -21.002010 5.435722
v 9.200000 -20.772629 4.822117
v 9.420892 -20.807106 5.264286
v 9.798098 -20.807106 5.695243
v 9.338259 -20.482683 4.678870
v 9.597787 -20.482683 5.138992
v 9.945715 -20.482683 5.536500
v 11.849999 -21.023880 6.767316
v 11.849999 -20.807106 6.442893
v 11.849999 -20.482683 6.226120
v 11.849999 -20.100000 6.150000
v 6.150000 -20.100000 14.150000
v 6.226120 -20.482683 14.150000
v 6.442893 -20.807106 14.150000
v 6.767316 -21.023880 14.150000
v 14.150000 -21.023880 6.767316
v 14.150000 -20.807106 6.442893
v 14.150000 -20.482683 6.226120
v 14.150000 -20.100000 6.150000
v 6.767316 -1.176121 14.150000
v 6.767316 -1.176121 7.150000
v 6.442893 -1.392893 14.150000
v 6.442893 -1.392893 7.150000
v 6.226120 -1.717317 14.150000
v 6.226120 -1.717317 7.150000
v 6.150000 -2.100000 14.150000
v 6.150000 -2.100000 7.150000
v 14.532682 -21.023880 14.150000
v 14.532682 -21.023880 7.150000
v 14.857106 -20.807106 14.150000
v 14.857106 -20.807106 7.150000
v 15.073880 -20.482683 14.150000
v 15.073880 -20.482683 7.150000
v 7.150000 -21.023880 14.532682
v 14.150000 -21.023880 14.532682
v 7.150000 -20.807106 14.857106
v 14.150000 -20.807106 14.857106
v 7.150000 -20.482683 15.073880
v 14.150000 -20.482683 15.073880
v 14.150000 -1.176121 14.532682
v 7.150000 -1.176121 14.532682
v 14.150000 -1.392893 14.857106
v 7.150000 -1.392893 14.857106
v 14.150000 -1.717317 15.073880
v 7.150000 -1.717317 15.073880
v 14.532682 -1.176121 7.150000
v 14.532682 -1.176121 14.150000
v 14.857106 -1.392893 7.150000
v 14.857106 -1.392893 14.150000
v 15.073880 -1.717317 7.150000
v 15.073880 -1.717317 14.150000
v 14.532682 -2.100000 15.073880
v 14.532682 -20.100000 15.073880
v 14.857106 -2.100000 14.857106
v 14.857106 -20.100000 14.857106
v 15.073880 -2.100000 14.532682
v 15.073880 -20.100000 14.532682
v 14.453281 -1.205446 14.478320
v 14.296299 -1.356177 14.802169
v 14.420597 -1.829402 15.073880
v 14.650001 -1.600000 14.857106
v 14.803282 -1.446719 14.532682
v 14.893823 -1.953700 14.802169
v 15.044554 -1.796718 14.478320
v 14.453281 -20.994553 14.478320
v 14.803282 -20.753281 14.532682
v 15.044554 -20.403282 14.478320
v 14.893823 -20.246300 14.802169
v 14.420597 -20.370598 15.073880
v 14.650001 -20.599998 14.857106
v 14.296299 -20.843822 14.802169
v 7.150000 -1.176121 6.767316
v 14.150000 -1.176121 6.767316
v 7.150000 -1.392893 6.442893
v 14.150000 -1.392893 6.442893
v 7.150000 -1.717317 6.226120
v 14.150000 -1.717317 6.226120
v 7.150000 -2.100000 6.150000
v 14.150000 -2.100000 6.150000
v 14.532682 -20.100000 6.226120
v 14.532682 -2.100000 6.226120
v 14.857106 -20.100000 6.442893
v 14.857106 -2.100000 6.442893
v 15.073880 -20.100000 6.767316
v 15.073880 -2.100000 6.767316
v 14.453281 -1.205446 6.821680
v 14.803282 -1.446719 6.767316
v 15.044554 -1.796718 6.821680
v 14.893823 -1.953700 6.497832
v 14.420597 -1.829402 6.226120
v 14.650001 -1.600000 6.442893
v 14.296299 -1.356177 6.497832
v 6.767316 -20.100000 15.073880
v 6.767316 -2.100000 15.073880
v 6.442893 -20.100000 14.857106
v 6.442893 -2.100000 14.857106
v 6.226120 -20.100000 14.532682
v 6.226120 -2.100000 14.532682
v 6.846718 -1.205446 14.478320
v 6.496718 -1.446719 14.532682
v 6.255446 -1.796718 14.478320
v 6.406177 -1.953700 14.802169
v 6.879402 -1.829402 15.073880
v 6.650000 -1.600000 14.857106
v 7.003700 -1.356177 14.802169
v 14.453281 -20.994553 6.821680
v 14.296299 -20.843822 6.497832
v 14.420597 -20.370598 6.226120
v 14.650001 -20.599998 6.442893
v 14.803282 -20.753281 6.767316
v 14.893823 -20.246300 6.497832
v 15.044554 -20.403282 6.821680
v 6.846718 -20.994553 14.478320
v 7.003700 -20.843822 14.802169
v 6.879402 -20.370598 15.073880
v 6.650000 -20.599998 14.857106
v 6.496718 -20.753281 14.532682
v 6.406177 -20.246300 14.802169
v 6.255446 -20.403282 14.478320
v 6.821680 -1.205446 6.846718
v 6.767316 -1.446719 6.496718
v 6.821680 -1.796718 6.255446
v 6.767316 -2.100000 6.226120
v 6.497832 -1.953700 6.406177
v 6.442893 -2.100000 6.442893
v 6.226120 -2.100000 6.767316
v 6.226120 -1.829402 6.879402
v 6.442893 -1.600000 6.650000
v 6.497832 -1.356177 7.003700
v 6.590679 -21.023880 10.665559
v 6.722281 -21.023880 11.172033
v 6.284638 -20.807106 10.773214
v 6.402712 -20.807106 11.227952
v 6.080149 -20.482683 10.845147
v 6.189212 -20.482683 11.265489
v 6.086706 -20.100000 11.141015
v 6.134126 -20.100000 11.418722
v 6.008342 -20.100000 10.870407
v 6.317842 -21.023880 10.087461
v 5.932819 -21.023880 9.577171
v 5.435722 -21.002010 9.200000
v 5.695243 -20.807106 9.798098
v 5.264286 -20.807106 9.420892
v 5.536500 -20.482683 9.945715
v 5.138992 -20.482683 9.597787
v 5.334847 -20.100000 9.853032
v 4.833217 -20.100000 9.497729
v 6.040196 -20.807106 10.255280
v 5.854679 -20.482683 10.367413
v 5.734612 -20.100000 10.320004
v 4.678870 -20.482683 9.338259
v 4.260050 -20.100000 9.275575
v 4.822117 -20.772629 9.200000
v 9.549963 -16.166988 5.364597
v 9.943506 -16.147259 5.814828
v 9.985403 -16.166988 5.800037
v 10.478407 -16.264421 5.978251
v 10.099510 -16.350000 5.656952
v 10.586226 -16.350000 5.962775
v 11.070503 -16.422907 6.102812
v 9.693048 -16.350000 5.250490
v 9.222336 -16.166988 4.843180
v 9.018948 -16.166988 4.261933
v 9.197372 -16.350000 4.221209
v 9.387224 -16.350000 4.763774
v 6.150000 -16.600000 11.700000
v 6.064815 -16.600000 11.052952
v 5.815063 -16.600000 10.450000
v 5.417767 -16.600000 9.932233
v 4.900000 -16.600000 9.534937
v 4.297048 -16.600000 9.285185
v 6.149997 -16.597809 11.693803
v 6.101538 -16.421587 11.066393
v 5.962775 -16.350000 10.586226
v 5.977507 -16.263680 10.475440
v 5.656952 -16.350000 10.099510
v 5.800037 -16.166988 9.985403
v 5.250490 -16.350000 9.693048
v 5.364597 -16.166988 9.549963
v 4.763774 -16.350000 9.387224
v 4.843180 -16.166988 9.222336
v 4.221209 -16.350000 9.197372
v 4.261933 -16.166988 9.018948
v 5.814464 -16.147078 9.942454
v 6.150000 -15.599999 7.150000
v 6.150000 -15.599999 9.463932
v 6.150000 -15.694157 10.075966
v 6.150000 -15.927361 10.647644
v 6.150000 -16.596348 11.694836
v 7.150000 -15.599999 6.150000
v 6.767316 -15.599999 6.226120
v 6.442893 -15.599999 6.442893
v 6.226120 -15.599999 6.767316
v 10.650464 -15.928844 6.150000
v 10.077158 -15.694518 6.150000
v 9.463932 -15.599999 6.150000
v 9.463932 -15.850000 6.083013
v 9.795314 -15.801749 6.120051
v 10.131746 -15.864476 6.128328
v 10.792369 -16.107939 6.141891
v 11.250029 -16.342800 6.147897
v 11.241816 -16.355026 6.146318
v 10.701319 -16.267483 6.068630
v 11.194830 -16.425028 6.128469
v 10.048479 -16.111259 5.941780
v 9.745010 -16.075813 5.869877
v 9.463932 -16.033012 5.900000
v 9.762093 -15.982747 6.002667
v 9.785982 -15.852587 6.097993
v 10.117361 -15.907101 6.112275
v 10.778218 -16.132717 6.135827
v 11.218096 -16.390348 6.139230
v 10.079094 -16.020508 6.042106
v 10.738330 -16.202595 6.108835
v 7.150000 -15.850000 6.083013
v 7.150000 -16.033012 5.900000
v 6.820283 -15.850000 6.135235
v 6.763729 -16.033012 5.961179
v 6.415268 -16.033012 6.138729
v 6.138729 -16.033012 6.415268
v 5.961179 -16.033012 6.763729
v 5.900000 -16.033012 7.150000
v 6.083013 -15.850000 7.150000
v 6.135235 -15.850000 6.820283
v 6.286789 -15.850000 6.522841
v 6.522841 -15.850000 6.286789
v 6.083013 -15.850000 9.463932
v 5.900000 -16.033012 9.463932
v 6.124537 -15.829708 9.976538
v 6.105823 -15.876085 9.964028
v 6.025932 -15.995924 9.931705
v 6.125974 -16.012154 10.473472
v 6.081645 -16.101807 10.430899
v 6.139892 -16.200848 10.929303
v 6.120979 -16.258682 10.894040
v 6.148162 -16.427977 11.381053
v 6.144681 -16.452219 11.364410
v 6.150000 -16.596956 11.694405
v 6.150000 -16.596956 11.694405
v 6.144681 -16.452219 11.364410
v 6.150000 -16.596956 11.694405
v 6.150000 -16.596956 11.694405
v 6.150000 -16.596956 11.694405
v 6.150000 -16.600000 11.700000
v 5.913319 -16.088024 9.906863
v 6.016951 -16.180647 10.393505
v 6.092711 -16.313665 10.860567
v 6.139373 -16.476223 11.348014
v 6.139373 -16.476223 11.348014
v 6.149997 -16.597809 11.693803
v 6.149997 -16.597809 11.693803
v 6.149997 -16.597809 11.693803
v 6.149997 -16.597809 11.693803
v 6.150000 -16.600000 11.700000
v 6.148949 -16.419498 11.386887
v 6.150000 -16.596809 11.694510
v 6.136199 -15.979168 10.489145
v 6.144208 -16.180252 10.941870
f 1 2 3
f 3 2 4
f 3 4 5
f 5 4 6
f 5 6 7
f 7 6 8
f 7 8 9
f 9 8 10
f 9 10 11
f 11 10 12
f 11 12 13
f 4 14 6
f 6 14 15
f 6 15 8
f 8 15 16
f 8 16 10
f 10 16 17
f 10 17 12
f 12 17 18
f 12 18 13
f 14 19 15
f 15 19 20
f 15 20 21
f 15 21 16
f 16 21 22
f 16 22 17
f 17 22 23
f 17 23 18
f 18 23 13
f 13 24 25
f 25 24 26
f 25 26 27
f 27 26 28
f 27 28 7
f 7 28 5
f 26 29 28
f 28 29 3
f 28 3 5
f 29 1 3
f 27 7 9
f 25 27 9
f 25 9 11
f 25 11 13
f 2 30 4
f 4 30 31
f 4 31 14
f 14 31 32
f 14 32 19
f 19 32 33
f 34 33 35
f 35 33 32
f 35 32 31
f 35 31 36
f 36 31 30
f 36 30 37
f 36 37 38
f 38 37 39
f 38 39 40
f 40 39 41
f 40 41 42
f 42 41 43
f 42 43 44
f 44 45 42
f 42 45 46
f 42 46 40
f 40 46 47
f 40 47 38
f 38 47 48
f 38 48 36
f 36 48 35
f 45 49 46
f 46 49 50
f 46 50 47
f 47 50 34
f 47 34 48
f 48 34 35
f 43 51 44
f 44 51 52
f 44 52 45
f 45 52 53
f 45 53 49
f 49 53 54
f 55 54 56
f 56 54 53
f 56 53 52
f 56 52 57
f 57 52 51
f 57 51 58
f 57 58 59
f 59 58 60
f 59 60 61
f 61 60 62
f 61 62 63
f 63 62 64
f 63 64 65
f 65 66 63
f 63 66 67
f 63 67 61
f 61 67 68
f 61 68 59
f 59 68 69
f 59 69 57
f 57 69 56
f 66 70 67
f 67 70 71
f 67 71 68
f 68 71 55
f 68 55 69
f 69 55 56
f 72 70 73
f 73 70 66
f 73 66 74
f 74 66 65
f 74 65 75
f 75 65 64
f 76 72 77
f 77 72 73
f 77 73 78
f 78 73 74
f 78 74 79
f 79 74 80
f 79 80 81
f 81 80 82
f 81 82 83
f 83 82 84
f 83 84 85
f 85 84 86
f 85 86 87
f 74 75 80
f 80 75 88
f 80 88 89
f 80 89 82
f 82 89 90
f 82 90 84
f 84 90 91
f 84 91 86
f 86 91 87
f 92 93 94
f 94 93 95
f 94 95 87
f 93 92 96
f 96 92 97
f 96 97 77
f 77 97 76
f 85 87 98
f 98 87 95
f 96 77 78
f 78 79 99
f 99 79 81
f 99 81 100
f 100 81 83
f 100 83 98
f 98 83 85
f 93 96 99
f 99 96 78
f 93 99 100
f 95 93 100
f 95 100 98
f 75 64 101
f 101 64 102
f 102 64 62
f 102 62 60
f 60 58 102
f 102 58 51
f 102 51 103
f 103 51 43
f 103 43 41
f 41 39 103
f 103 39 37
f 103 37 104
f 104 37 105
f 105 37 30
f 105 30 106
f 106 30 107
f 107 30 2
f 107 2 108
f 104 109 103
f 103 109 110
f 103 110 111
f 111 112 103
f 103 112 113
f 2 1 108
f 108 1 114
f 114 1 29
f 114 29 26
f 114 26 115
f 115 26 24
f 115 24 116
f 116 24 13
f 13 23 117
f 117 23 118
f 118 23 22
f 118 22 119
f 119 22 21
f 119 21 20
f 20 19 120
f 121 122 123
f 123 122 124
f 123 124 125
f 125 124 126
f 125 126 127
f 127 126 128
f 127 128 129
f 129 128 130
f 129 130 131
f 131 130 132
f 131 132 133
f 124 134 126
f 126 134 135
f 126 135 128
f 128 135 136
f 128 136 130
f 130 136 137
f 130 137 132
f 132 137 138
f 132 138 133
f 134 139 135
f 135 139 140
f 135 140 141
f 135 141 136
f 136 141 142
f 136 142 137
f 137 142 143
f 137 143 138
f 138 143 133
f 133 144 145
f 145 144 146
f 145 146 147
f 147 146 148
f 147 148 127
f 127 148 125
f 146 149 148
f 148 149 123
f 148 123 125
f 149 121 123
f 147 127 129
f 145 147 129
f 145 129 131
f 145 131 133
f 122 150 124
f 124 150 151
f 124 151 134
f 134 151 152
f 134 152 139
f 139 152 153
f 154 153 155
f 155 153 152
f 155 152 151
f 155 151 156
f 156 151 150
f 156 150 157
f 156 157 158
f 158 157 159
f 158 159 160
f 160 159 161
f 160 161 162
f 162 161 163
f 162 163 164
f 164 165 162
f 162 165 166
f 162 166 160
f 160 166 167
f 160 167 158
f 158 167 168
f 158 168 156
f 156 168 155
f 165 169 166
f 166 169 170
f 166 170 167
f 167 170 154
f 167 154 168
f 168 154 155
f 163 171 164
f 164 171 172
f 164 172 165
f 165 172 173
f 165 173 169
f 169 173 174
f 175 174 176
f 176 174 173
f 176 173 172
f 176 172 177
f 177 172 171
f 177 171 178
f 177 178 179
f 179 178 180
f 179 180 181
f 181 180 182
f 181 182 183
f 183 182 184
f 183 184 185
f 185 186 183
f 183 186 187
f 183 187 181
f 181 187 188
f 181 188 179
f 179 188 189
f 179 189 177
f 177 189 176
f 186 190 187
f 187 190 191
f 187 191 188
f 188 191 175
f 188 175 189
f 189 175 176
f 192 190 193
f 193 190 186
f 193 186 194
f 194 186 185
f 194 185 195
f 195 185 184
f 196 192 197
f 197 192 193
f 197 193 198
f 198 193 194
f 198 194 199
f 199 194 200
f 199 200 201
f 201 200 202
f 201 202 203
f 203 202 204
f 203 204 205
f 205 204 206
f 205 206 207
f 194 195 200
f 200 195 208
f 200 208 209
f 200 209 202
f 202 209 210
f 202 210 204
f 204 210 211
f 204 211 206
f 206 211 207
f 212 213 214
f 214 213 215
f 214 215 207
f 213 212 216
f 216 212 217
f 216 217 197
f 197 217 196
f 205 207 218
f 218 207 215
f 216 197 198
f 198 199 219
f 219 199 201
f 219 201 220
f 220 201 203
f 220 203 218
f 218 203 205
f 213 216 219
f 219 216 198
f 213 219 220
f 215 213 220
f 215 220 218
f 221 195 222
f 222 195 184
f 222 184 223
f 223 184 224
f 224 184 225
f 225 184 182
f 225 182 226
f 226 182 180
f 226 180 227
f 227 180 178
f 227 178 171
f 171 163 227
f 227 163 228
f 228 163 161
f 228 161 159
f 159 157 228
f 228 157 150
f 228 150 229
f 229 150 122
f 230 231 227
f 227 231 232
f 227 232 233
f 233 226 227
f 122 121 229
f 229 121 234
f 234 121 149
f 234 149 146
f 234 146 235
f 235 146 144
f 235 144 236
f 236 144 133
f 133 143 237
f 237 143 238
f 238 143 142
f 238 142 239
f 239 142 141
f 239 141 140
f 140 139 240
f 241 242 243
f 243 242 244
f 243 244 245
f 245 244 246
f 245 246 247
f 247 246 248
f 247 248 249
f 249 248 250
f 249 250 251
f 251 250 252
f 251 252 253
f 244 254 246
f 246 254 255
f 246 255 248
f 248 255 256
f 248 256 250
f 250 256 257
f 250 257 252
f 252 257 258
f 252 258 253
f 254 259 255
f 255 259 260
f 255 260 261
f 255 261 256
f 256 261 262
f 256 262 257
f 257 262 263
f 257 263 258
f 258 263 253
f 253 264 265
f 265 264 266
f 265 266 267
f 267 266 268
f 267 268 247
f 247 268 245
f 266 269 268
f 268 269 243
f 268 243 245
f 269 241 243
f 267 247 249
f 265 267 249
f 265 249 251
f 265 251 253
f 242 270 244
f 244 270 271
f 244 271 254
f 254 271 272
f 254 272 259
f 259 272 273
f 274 273 275
f 275 273 272
f 275 272 271
f 275 271 276
f 276 271 270
f 276 270 277
f 276 277 278
f 278 277 279
f 278 279 280
f 280 279 281
f 280 281 282
f 282 281 283
f 282 283 284
f 284 285 282
f 282 285 286
f 282 286 280
f 280 286 287
f 280 287 278
f 278 287 288
f 278 288 276
f 276 288 275
f 285 289 286
f 286 289 290
f 286 290 287
f 287 290 274
f 287 274 288
f 288 274 275
f 283 291 284
f 284 291 292
f 284 292 285
f 285 292 293
f 285 293 289
f 289 293 294
f 295 294 296
f 296 294 293
f 296 293 292
f 296 292 297
f 297 292 291
f 297 291 298
f 297 298 299
f 299 298 300
f 299 300 301
f 301 300 302
f 301 302 303
f 303 302 304
f 303 304 305
f 305 306 303
f 303 306 307
f 303 307 301
f 301 307 308
f 301 308 299
f 299 308 309
f 299 309 297
f 297 309 296
f 306 310 307
f 307 310 311
f 307 311 308
f 308 311 295
f 308 295 309
f 309 295 296
f 312 310 313
f 313 310 306
f 313 306 314
f 314 306 305
f 314 305 315
f 315 305 304
f 316 312 317
f 317 312 313
f 317 313 318
f 318 313 314
f 318 314 319
f 319 314 320
f 319 320 321
f 321 320 322
f 321 322 323
f 323 322 324
f 323 324 325
f 325 324 326
f 325 326 327
f 314 315 320
f 320 315 328
f 320 328 329
f 320 329 322
f 322 329 330
f 322 330 324
f 324 330 331
f 324 331 326
f 326 331 327
f 332 333 334
f 334 333 335
f 334 335 327
f 333 332 336
f 336 332 337
f 336 337 317
f 317 337 316
f 325 327 338
f 338 327 335
f 336 317 318
f 318 319 339
f 339 319 321
f 339 321 340
f 340 321 323
f 340 323 338
f 338 323 325
f 333 336 339
f 339 336 318
f 333 339 340
f 335 333 340
f 335 340 338
f 341 315 342
f 342 315 304
f 342 304 343
f 343 304 344
f 344 304 302
f 344 302 345
f 345 302 346
f 345 346 347
f 347 346 348
f 348 346 349
f 349 346 350
f 350 346 351
f 302 300 346
f 346 300 298
f 346 298 291
f 291 283 346
f 346 283 352
f 352 283 281
f 352 281 279
f 352 279 353
f 353 279 277
f 353 277 354
f 354 277 270
f 354 270 355
f 355 270 356
f 356 270 357
f 357 270 358
f 358 270 242
f 358 242 359
f 353 360 352
f 352 360 361
f 352 361 362
f 362 363 352
f 242 241 359
f 359 241 364
f 364 241 269
f 364 269 266
f 364 266 365
f 365 266 264
f 365 264 366
f 366 264 253
f 253 263 367
f 367 263 368
f 368 263 262
f 368 262 369
f 369 262 261
f 369 261 260
f 260 259 370
f 371 372 373
f 373 372 374
f 373 374 375
f 375 374 376
f 375 376 377
f 377 376 378
f 377 378 379
f 379 378 380
f 379 380 381
f 381 380 382
f 381 382 383
f 374 384 376
f 376 384 385
f 376 385 378
f 378 385 386
f 378 386 380
f 380 386 387
f 380 387 382
f 382 387 388
f 382 388 383
f 384 389 385
f 385 389 390
f 385 390 391
f 385 391 386
f 386 391 392
f 386 392 387
f 387 392 393
f 387 393 388
f 388 393 383
f 383 394 395
f 395 394 396
f 395 396 397
f 397 396 398
f 397 398 377
f 377 398 375
f 396 399 398
f 398 399 373
f 398 373 375
f 399 371 373
f 397 377 379
f 395 397 379
f 395 379 381
f 395 381 383
f 372 400 374
f 374 400 401
f 374 401 384
f 384 401 402
f 384 402 389
f 389 402 403
f 404 403 405
f 405 403 402
f 405 402 401
f 405 401 406
f 406 401 400
f 406 400 407
f 406 407 408
f 408 407 409
f 408 409 410
f 410 409 411
f 410 411 412
f 412 411 413
f 412 413 414
f 414 415 412
f 412 415 416
f 412 416 410
f 410 416 417
f 410 417 408
f 408 417 418
f 408 418 406
f 406 418 405
f 415 419 416
f 416 419 420
f 416 420 417
f 417 420 404
f 417 404 418
f 418 404 405
f 413 421 414
f 414 421 422
f 414 422 415
f 415 422 423
f 415 423 419
f 419 423 424
f 425 424 426
f 426 424 423
f 426 423 422
f 426 422 427
f 427 422 421
f 427 421 428
f 427 428 429
f 429 428 430
f 429 430 431
f 431 430 432
f 431 432 433
f 433 432 434
f 433 434 435
f 435 436 433
f 433 436 437
f 433 437 431
f 431 437 438
f 431 438 429
f 429 438 439
f 429 439 427
f 427 439 426
f 436 440 437
f 437 440 441
f 437 441 438
f 438 441 425
f 438 425 439
f 439 425 426
f 442 440 443
f 443 440 436
f 443 436 444
f 444 436 435
f 444 435 445
f 445 435 434
f 446 442 447
f 447 442 443
f 447 443 448
f 448 443 444
f 448 444 449
f 449 444 450
f 449 450 451
f 451 450 452
f 451 452 453
f 453 452 454
f 453 454 455
f 455 454 456
f 455 456 457
f 444 445 450
f 450 445 458
f 450 458 459
f 450 459 452
f 452 459 460
f 452 460 454
f 454 460 461
f 454 461 456
f 456 461 457
f 462 463 464
f 464 463 465
f 464 465 457
f 463 462 466
f 466 462 467
f 466 467 447
f 447 467 446
f 455 457 468
f 468 457 465
f 466 447 448
f 448 449 469
f 469 449 451
f 469 451 470
f 470 451 453
f 470 453 468
f 468 453 455
f 463 466 469
f 469 466 448
f 463 469 470
f 465 463 470
f 465 470 468
f 471 445 472
f 472 445 434
f 472 434 473
f 473 434 474
f 474 434 432
f 474 432 475
f 475 432 476
f 475 476 477
f 477 476 478
f 478 476 479
f 479 476 480
f 480 476 481
f 432 430 476
f 476 430 428
f 476 428 421
f 476 421 482
f 482 421 413
f 482 413 411
f 411 409 482
f 482 409 407
f 482 407 483
f 483 407 484
f 484 407 400
f 484 400 485
f 485 400 486
f 486 400 372
f 486 372 487
f 483 488 482
f 482 488 489
f 482 489 490
f 490 491 482
f 482 491 492
f 372 371 487
f 487 371 493
f 493 371 399
f 493 399 396
f 493 396 494
f 494 396 394
f 494 394 495
f 495 394 383
f 383 393 496
f 496 393 497
f 497 393 392
f 497 392 498
f 498 392 391
f 498 391 390
f 390 389 499
f 500 501 502
f 502 501 503
f 502 503 504
f 501 500 505
f 505 500 506
f 505 506 507
f 507 506 508
f 507 508 509
f 509 508 510
f 509 510 511
f 511 510 512
f 511 512 513
f 513 512 514
f 513 514 515
f 515 514 516
f 515 516 517
f 517 516 518
f 517 518 519
f 519 518 520
f 519 520 521
f 521 520 522
f 521 522 523
f 523 522 524
f 523 524 525
f 525 524 526
f 525 526 527
f 527 526 528
f 527 528 529
f 529 528 530
f 529 530 531
f 531 530 532
f 531 532 533
f 533 532 534
f 533 534 535
f 535 534 536
f 535 536 537
f 537 536 538
f 537 538 539
f 539 538 540
f 539 540 504
f 504 540 502
f 541 542 543
f 543 542 544
f 543 544 545
f 546 547 541
f 541 547 548
f 541 548 549
f 550 551 546
f 546 551 552
f 546 552 553
f 543 554 550
f 550 554 555
f 550 555 556
f 545 557 543
f 543 557 558
f 543 558 554
f 556 559 550
f 550 559 560
f 550 560 561
f 561 551 550
f 553 562 546
f 546 562 563
f 546 563 547
f 549 564 541
f 541 564 565
f 541 565 542
f 566 528 567
f 567 528 526
f 567 526 568
f 568 526 524
f 568 524 569
f 569 524 522
f 569 522 570
f 570 522 520
f 570 520 571
f 571 520 518
f 571 518 572
f 572 518 516
f 572 516 573
f 573 516 514
f 573 514 574
f 574 514 512
f 574 512 575
f 575 512 576
f 576 512 510
f 576 510 577
f 577 510 508
f 577 508 578
f 578 508 506
f 578 506 579
f 579 506 500
f 579 500 580
f 580 500 502
f 580 502 581
f 581 502 540
f 581 540 582
f 582 540 538
f 582 538 583
f 583 538 536
f 583 536 584
f 584 536 534
f 584 534 585
f 585 534 586
f 586 534 532
f 586 532 587
f 587 532 588
f 588 532 530
f 588 530 589
f 589 530 566
f 566 530 528
f 590 591 592
f 592 591 593
f 592 593 594
f 591 590 595
f 595 590 596
f 595 596 597
f 597 596 598
f 597 598 599
f 599 598 600
f 599 600 601
f 601 600 602
f 601 602 603
f 603 602 604
f 603 604 605
f 605 604 606
f 605 606 607
f 607 606 608
f 607 608 609
f 609 608 610
f 609 610 611
f 611 610 612
f 611 612 613
f 613 612 614
f 613 614 615
f 615 614 616
f 615 616 617
f 617 616 618
f 617 618 619
f 619 618 620
f 619 620 621
f 621 620 622
f 621 622 623
f 623 622 624
f 623 624 625
f 625 624 626
f 625 626 627
f 627 626 628
f 627 628 629
f 629 628 630
f 629 630 594
f 594 630 592
f 631 632 633
f 633 632 634
f 633 634 635
f 636 637 631
f 631 637 638
f 631 638 639
f 640 641 636
f 636 641 642
f 636 642 643
f 633 644 640
f 640 644 645
f 640 645 646
f 635 647 633
f 633 647 648
f 633 648 644
f 646 649 640
f 640 649 650
f 640 650 651
f 651 641 640
f 643 652 636
f 636 652 653
f 636 653 637
f 639 654 631
f 631 654 655
f 631 655 632
f 656 616 657
f 657 616 614
f 657 614 658
f 658 614 612
f 658 612 659
f 659 612 610
f 659 610 660
f 660 610 608
f 660 608 661
f 661 608 606
f 661 606 662
f 662 606 604
f 662 604 663
f 663 604 602
f 663 602 664
f 664 602 665
f 665 602 600
f 665 600 666
f 666 600 598
f 666 598 667
f 667 598 596
f 667 596 668
f 668 596 590
f 668 590 669
f 669 590 592
f 669 592 670
f 670 592 630
f 670 630 671
f 671 630 628
f 671 628 672
f 672 628 626
f 672 626 673
f 673 626 624
f 673 624 674
f 674 624 622
f 674 622 675
f 675 622 676
f 676 622 620
f 676 620 677
f 677 620 618
f 677 618 656
f 656 618 616
f 678 679 680
f 680 679 681
f 680 681 682
f 679 678 683
f 683 678 684
f 683 684 685
f 685 684 686
f 685 686 687
f 687 686 688
f 687 688 689
f 689 688 690
f 689 690 691
f 691 690 692
f 691 692 693
f 693 692 694
f 693 694 695
f 695 694 696
f 695 696 697
f 697 696 698
f 697 698 699
f 699 698 700
f 699 700 701
f 701 700 702
f 701 702 703
f 703 702 704
f 703 704 705
f 705 704 706
f 705 706 707
f 707 706 708
f 707 708 709
f 709 708 710
f 709 710 711
f 711 710 712
f 711 712 713
f 713 712 714
f 713 714 715
f 715 714 716
f 715 716 717
f 717 716 718
f 717 718 682
f 682 718 680
f 719 720 721
f 721 720 722
f 721 722 723
f 724 725 719
f 719 725 726
f 719 726 727
f 728 729 724
f 724 729 730
f 724 730 731
f 721 732 728
f 728 732 733
f 728 733 734
f 723 735 721
f 721 735 736
f 721 736 732
f 734 737 728
f 728 737 738
f 728 738 739
f 739 729 728
f 731 740 724
f 724 740 741
f 724 741 725
f 727 742 719
f 719 742 743
f 719 743 720
f 744 706 745
f 745 706 704
f 745 704 746
f 746 704 702
f 746 702 747
f 747 702 700
f 747 700 748
f 748 700 698
f 748 698 749
f 749 698 696
f 749 696 750
f 750 696 694
f 750 694 751
f 751 694 692
f 751 692 752
f 752 692 690
f 752 690 753
f 753 690 754
f 754 690 688
f 754 688 755
f 755 688 686
f 755 686 756
f 756 686 684
f 756 684 757
f 757 684 678
f 757 678 758
f 758 678 680
f 758 680 759
f 759 680 718
f 759 718 760
f 760 718 716
f 760 716 761
f 761 716 714
f 761 714 762
f 762 714 712
f 762 712 763
f 763 712 764
f 764 712 710
f 764 710 765
f 765 710 766
f 766 710 708
f 766 708 767
f 767 708 744
f 744 708 706
f 768 541 769
f 769 541 770
f 769 770 771
f 769 771 772
f 772 771 403
f 772 403 404
f 772 404 773
f 773 404 420
f 773 420 419
f 773 419 774
f 774 419 775
f 774 775 768
f 774 768 769
f 773 774 769
f 772 773 769
f 776 777 546
f 546 777 778
f 546 778 779
f 779 778 780
f 780 778 781
f 780 781 440
f 440 781 441
f 441 781 782
f 441 782 425
f 425 782 424
f 424 782 783
f 783 782 777
f 783 777 776
f 777 782 778
f 778 782 781
f 784 785 543
f 543 785 786
f 543 786 787
f 787 786 788
f 788 786 789
f 788 789 389
f 389 789 499
f 499 789 790
f 499 790 497
f 497 790 496
f 496 790 791
f 791 790 785
f 791 785 784
f 785 790 786
f 786 790 789
f 389 403 788
f 788 403 771
f 788 771 787
f 787 771 770
f 787 770 543
f 543 770 541
f 792 550 793
f 793 550 794
f 793 794 795
f 795 794 796
f 795 796 442
f 795 442 797
f 797 442 798
f 797 798 799
f 797 799 800
f 800 799 801
f 800 801 802
f 802 792 800
f 800 792 793
f 800 793 795
f 797 800 795
f 442 446 798
f 798 446 467
f 798 467 462
f 798 462 799
f 799 462 464
f 799 464 801
f 801 464 457
f 801 496 802
f 802 496 791
f 802 791 792
f 792 791 784
f 792 784 550
f 550 784 543
f 440 442 780
f 780 442 796
f 780 796 779
f 779 796 794
f 779 794 546
f 546 794 550
f 419 424 775
f 775 424 783
f 775 783 768
f 768 783 776
f 768 776 541
f 541 776 546
f 803 495 804
f 804 495 383
f 804 383 457
f 457 383 801
f 801 383 496
f 804 457 805
f 805 457 806
f 805 806 807
f 805 807 808
f 808 807 809
f 808 809 810
f 808 811 805
f 805 811 812
f 805 812 813
f 814 13 813
f 813 13 815
f 813 815 805
f 13 814 116
f 116 814 816
f 116 816 817
f 817 816 818
f 818 816 819
f 815 13 87
f 87 13 117
f 87 117 820
f 87 821 815
f 815 821 236
f 815 236 133
f 822 823 821
f 821 823 236
f 237 824 133
f 133 824 207
f 133 207 815
f 815 207 825
f 825 207 826
f 825 826 827
f 825 827 828
f 828 827 829
f 828 829 830
f 828 831 825
f 825 831 832
f 825 832 833
f 834 253 833
f 833 253 835
f 833 835 804
f 804 835 836
f 804 836 837
f 253 834 366
f 366 834 838
f 366 838 839
f 839 838 840
f 840 838 841
f 835 253 327
f 327 253 367
f 327 367 842
f 835 327 843
f 843 327 844
f 843 844 845
f 845 844 846
f 845 846 847
f 847 848 845
f 837 849 804
f 804 849 803
f 850 851 849
f 849 851 803
f 804 825 833
f 852 631 853
f 853 631 854
f 853 854 855
f 855 854 856
f 855 856 273
f 855 273 857
f 857 273 274
f 857 274 290
f 857 290 858
f 858 290 289
f 858 289 859
f 859 852 858
f 858 852 853
f 858 853 855
f 857 858 855
f 860 636 861
f 861 636 862
f 861 862 863
f 863 862 864
f 863 864 294
f 863 294 865
f 865 294 295
f 865 295 311
f 865 311 866
f 866 311 310
f 866 310 867
f 867 860 866
f 866 860 861
f 866 861 863
f 865 866 863
f 868 869 633
f 633 869 870
f 633 870 871
f 871 870 872
f 872 870 873
f 872 873 259
f 259 873 370
f 370 873 874
f 370 874 368
f 368 874 367
f 367 874 875
f 875 874 869
f 875 869 868
f 869 874 870
f 870 874 873
f 259 273 872
f 872 273 856
f 872 856 871
f 871 856 854
f 871 854 633
f 633 854 631
f 876 640 877
f 877 640 878
f 877 878 879
f 879 878 880
f 879 880 312
f 879 312 881
f 881 312 882
f 881 882 883
f 881 883 884
f 884 883 842
f 884 842 885
f 885 876 884
f 884 876 877
f 884 877 879
f 881 884 879
f 312 316 882
f 882 316 337
f 882 337 332
f 882 332 883
f 883 332 334
f 883 334 842
f 842 334 327
f 842 367 885
f 885 367 875
f 885 875 876
f 876 875 868
f 876 868 640
f 640 868 633
f 310 312 867
f 867 312 880
f 867 880 860
f 860 880 878
f 860 878 636
f 636 878 640
f 289 294 859
f 859 294 864
f 859 864 852
f 852 864 862
f 852 862 631
f 631 862 636
f 886 719 887
f 887 719 888
f 887 888 889
f 887 889 890
f 890 889 153
f 890 153 154
f 890 154 891
f 891 154 170
f 891 170 169
f 891 169 892
f 892 169 893
f 892 893 886
f 892 886 887
f 891 892 887
f 890 891 887
f 894 895 724
f 724 895 896
f 724 896 897
f 897 896 898
f 898 896 899
f 898 899 190
f 190 899 191
f 191 899 900
f 191 900 175
f 175 900 174
f 174 900 901
f 901 900 895
f 901 895 894
f 895 900 896
f 896 900 899
f 902 721 903
f 903 721 904
f 903 904 905
f 903 905 906
f 906 905 237
f 906 237 238
f 906 238 907
f 907 238 239
f 907 240 139
f 907 139 908
f 908 139 909
f 908 909 902
f 908 902 903
f 907 908 903
f 906 907 903
f 139 153 909
f 909 153 889
f 909 889 902
f 902 889 888
f 902 888 721
f 721 888 719
f 910 728 911
f 911 728 912
f 911 912 913
f 911 913 914
f 914 913 192
f 914 192 915
f 914 915 916
f 916 915 917
f 916 917 824
f 916 824 918
f 918 824 919
f 918 919 910
f 918 910 911
f 916 918 911
f 914 916 911
f 192 196 915
f 915 196 217
f 915 217 212
f 915 212 917
f 917 212 214
f 917 214 824
f 824 214 207
f 824 237 919
f 919 237 905
f 919 905 910
f 910 905 904
f 910 904 728
f 728 904 721
f 190 192 898
f 898 192 913
f 898 913 897
f 897 913 912
f 897 912 724
f 724 912 728
f 169 174 893
f 893 174 901
f 893 901 886
f 886 901 894
f 886 894 719
f 719 894 724
f 457 461 806
f 806 461 920
f 920 461 460
f 920 460 921
f 921 460 459
f 921 459 458
f 445 471 458
f 458 471 921
f 207 211 826
f 826 211 922
f 922 211 210
f 922 210 923
f 923 210 209
f 923 209 208
f 195 221 208
f 208 221 923
f 924 925 926
f 926 925 927
f 926 927 928
f 926 928 929
f 929 928 930
f 929 930 931
f 931 932 929
f 929 932 933
f 929 933 934
f 934 933 935
f 934 935 936
f 936 937 934
f 934 937 938
f 934 938 939
f 939 938 940
f 939 940 941
f 941 942 939
f 943 944 945
f 945 944 946
f 946 944 947
f 946 947 948
f 948 949 946
f 946 949 950
f 950 949 951
f 950 951 952
f 952 953 950
f 950 953 954
f 954 953 955
f 955 953 956
f 956 953 957
f 956 957 958
f 958 957 959
f 958 959 960
f 960 959 961
f 961 959 962
f 962 959 963
f 962 963 964
f 964 965 962
f 962 965 966
f 966 965 967
f 966 967 968
f 968 969 966
f 966 969 970
f 970 969 971
f 972 973 974
f 974 973 975
f 975 973 976
f 975 976 977
f 977 978 975
f 975 978 979
f 979 978 980
f 979 980 981
f 981 982 979
f 979 982 983
f 983 982 984
f 984 982 985
f 985 982 986
f 985 986 987
f 987 986 988
f 987 988 989
f 989 988 990
f 990 988 991
f 991 988 992
f 991 992 993
f 993 994 991
f 991 994 995
f 995 994 996
f 995 996 997
f 997 998 995
f 995 998 999
f 999 998 1000
f 1001 1002 1003
f 1003 1002 1004
f 1003 1004 1005
f 1002 1001 1006
f 1006 1001 1007
f 1006 1007 1008
f 1008 1007 1009
f 1008 1009 1010
f 1010 1009 1011
f 1010 1011 1012
f 1012 1011 1013
f 1012 1013 1014
f 1014 1013 1015
f 1014 1015 1016
f 1016 1015 1017
f 1016 1017 1018
f 1018 1017 1019
f 1018 1019 1020
f 1020 1019 1021
f 1020 1021 1022
f 1022 1021 1023
f 1022 1023 1024
f 1024 1023 1025
f 1024 1025 1026
f 1026 1025 1027
f 1026 1027 1028
f 1028 1027 1029
f 1028 1029 1030
f 1030 1029 1031
f 1030 1031 1032
f 1032 1031 1033
f 1032 1033 1034
f 1034 1033 1035
f 1034 1035 1036
f 1036 1035 1037
f 1036 1037 1038
f 1038 1037 1039
f 1038 1039 1040
f 1040 1039 1041
f 1040 1041 1005
f 1005 1041 1003
f 1042 1043 1044
f 1044 1043 1045
f 1044 1045 1046
f 1047 1048 1042
f 1042 1048 1049
f 1042 1049 1050
f 1051 1052 1047
f 1047 1052 1053
f 1047 1053 1054
f 1044 1055 1051
f 1051 1055 1056
f 1051 1056 1057
f 1046 1058 1044
f 1044 1058 1059
f 1044 1059 1055
f 1057 1060 1051
f 1051 1060 1061
f 1051 1061 1062
f 1062 1052 1051
f 1054 1063 1047
f 1047 1063 1064
f 1047 1064 1048
f 1050 1065 1042
f 1042 1065 1066
f 1042 1066 1043
f 1067 1027 1068
f 1068 1027 1025
f 1068 1025 1069
f 1069 1025 1023
f 1069 1023 1070
f 1070 1023 1021
f 1070 1021 1071
f 1071 1021 1019
f 1071 1019 1072
f 1072 1019 1017
f 1072 1017 1073
f 1073 1017 1015
f 1073 1015 1074
f 1074 1015 1013
f 1074 1013 1075
f 1075 1013 1076
f 1076 1013 1011
f 1076 1011 1077
f 1077 1011 1009
f 1077 1009 1078
f 1078 1009 1007
f 1078 1007 1079
f 1079 1007 1001
f 1079 1001 1080
f 1080 1001 1003
f 1080 1003 1081
f 1081 1003 1041
f 1081 1041 1082
f 1082 1041 1039
f 1082 1039 1083
f 1083 1039 1037
f 1083 1037 1084
f 1084 1037 1035
f 1084 1035 1085
f 1085 1035 1033
f 1085 1033 1086
f 1086 1033 1087
f 1087 1033 1031
f 1087 1031 1088
f 1088 1031 1029
f 1088 1029 1067
f 1067 1029 1027
f 1089 1042 1090
f 1090 1042 1091
f 1090 1091 1092
f 1092 1091 1093
f 1092 1093 33
f 1092 33 1094
f 1094 33 34
f 1094 34 50
f 1094 50 1095
f 1095 50 49
f 1095 49 1096
f 1096 1089 1095
f 1095 1089 1090
f 1095 1090 1092
f 1094 1095 1092
f 1097 1047 1098
f 1098 1047 1099
f 1098 1099 1100
f 1098 1100 1101
f 1101 1100 54
f 1101 54 55
f 1101 55 1102
f 1102 55 71
f 1102 71 70
f 1102 70 1103
f 1103 70 1104
f 1103 1104 1097
f 1103 1097 1098
f 1102 1103 1098
f 1101 1102 1098
f 1105 1106 1044
f 1044 1106 1107
f 1044 1107 1108
f 1108 1107 1109
f 1109 1107 1110
f 1109 1110 19
f 19 1110 120
f 120 1110 1111
f 120 1111 118
f 118 1111 117
f 117 1111 1112
f 1112 1111 1106
f 1112 1106 1105
f 1106 1111 1107
f 1107 1111 1110
f 19 33 1109
f 1109 33 1093
f 1109 1093 1108
f 1108 1093 1091
f 1108 1091 1044
f 1044 1091 1042
f 1113 1114 1051
f 1051 1114 1115
f 1051 1115 1116
f 1116 1115 1117
f 1117 1115 1118
f 1117 1118 820
f 820 1118 1119
f 1119 1118 1120
f 1119 1120 1121
f 1121 1120 72
f 72 1120 1122
f 1122 1120 1114
f 1122 1114 1113
f 1114 1120 1115
f 1115 1120 1118
f 72 76 1121
f 1121 76 97
f 1121 97 92
f 1121 92 1119
f 1119 92 94
f 1119 94 820
f 820 94 87
f 820 117 1117
f 1117 117 1112
f 1117 1112 1116
f 1116 1112 1105
f 1116 1105 1051
f 1051 1105 1044
f 70 72 1104
f 1104 72 1122
f 1104 1122 1097
f 1097 1122 1113
f 1097 1113 1047
f 1047 1113 1051
f 49 54 1096
f 1096 54 1100
f 1096 1100 1089
f 1089 1100 1099
f 1089 1099 1042
f 1042 1099 1047
f 87 91 821
f 821 91 1123
f 1123 91 90
f 1123 90 1124
f 1124 90 89
f 1124 89 88
f 75 101 88
f 88 101 1124
f 1125 1126 1127
f 1127 1126 1128
f 1127 1128 1129
f 1127 1129 1130
f 1130 1129 1131
f 1130 1131 1132
f 1132 1133 1130
f 1130 1133 1134
f 1130 1134 1135
f 1135 1134 1136
f 1135 1136 1137
f 1137 1138 1135
f 1135 1138 1139
f 1135 1139 1140
f 1140 1139 1141
f 1140 1141 1142
f 1142 1143 1140
f 103 1144 102
f 102 1144 1145
f 102 1145 1146
f 1144 1147 1145
f 1148 1149 1150
f 1150 1149 1151
f 1150 1151 1152
f 1152 1151 1153
f 1152 1153 1154
f 1154 1153 1155
f 1154 1155 1156
f 1156 1155 1157
f 1156 1157 1158
f 1158 1157 1159
f 1158 1159 1160
f 1151 1161 1153
f 1153 1161 1162
f 1153 1162 1155
f 1155 1162 1163
f 1155 1163 1157
f 1157 1163 1164
f 1157 1164 1159
f 1159 1164 1165
f 1159 1165 1160
f 1161 810 1162
f 1162 810 1166
f 1162 1166 1163
f 1163 1166 1167
f 1163 1167 1164
f 1164 1167 1168
f 1164 1168 1165
f 1165 1168 1160
f 1148 1169 1170
f 1170 1169 1171
f 1170 1171 1172
f 1172 1171 1156
f 1172 1156 1158
f 1169 1148 1150
f 1158 1160 1172
f 1160 1170 1172
f 1169 1150 1152
f 1169 1152 1154
f 1171 1169 1154
f 1171 1154 1156
f 1149 1173 1151
f 1151 1173 1174
f 1151 1174 1161
f 1161 1174 1175
f 1161 1175 810
f 810 1175 808
f 1176 1177 1178
f 1178 1177 1179
f 1178 1179 1180
f 1178 1180 1181
f 1181 1180 816
f 1181 816 814
f 1181 814 1182
f 1182 814 813
f 1182 813 1183
f 1183 813 812
f 1183 812 1184
f 1184 812 811
f 1184 811 1175
f 1175 811 808
f 1175 1174 1184
f 1184 1174 1185
f 1184 1185 1183
f 1183 1185 1186
f 1183 1186 1182
f 1182 1186 1187
f 1182 1187 1181
f 1181 1187 1178
f 1174 1173 1185
f 1185 1173 1188
f 1185 1188 1186
f 1186 1188 1189
f 1186 1189 1187
f 1187 1189 1176
f 1187 1176 1178
f 1177 1190 1179
f 1179 1190 1191
f 1179 1191 1180
f 1180 1191 1192
f 1180 1192 816
f 816 1192 819
f 1191 1190 1193
f 1193 1190 1194
f 1193 1194 1195
f 1195 1194 1196
f 1195 1196 1197
f 1197 1196 1198
f 1197 1198 1199
f 1199 1198 1200
f 1201 1202 1203
f 1204 1205 1206
f 1196 1207 1198
f 1198 1207 1208
f 1198 1208 1200
f 1200 1208 1209
f 1210 1211 1212
f 1213 1214 1215
f 1216 1217 1218
f 1211 1210 1219
f 1219 1210 1220
f 1219 1220 1221
f 1221 1220 1222
f 1221 1222 1223
f 1223 1222 819
f 1223 819 1192
f 1223 1192 1224
f 1224 1192 1191
f 1224 1191 1225
f 1225 1191 1193
f 1225 1193 1226
f 1226 1193 1195
f 1226 1195 1227
f 1227 1195 1197
f 1227 1197 1199
f 1207 1209 1208
f 1200 1209 1212
f 1221 1223 1224
f 1224 1225 1228
f 1228 1225 1226
f 1228 1226 1229
f 1229 1226 1227
f 1229 1227 1230
f 1230 1227 1199
f 1230 1199 1200
f 1219 1221 1228
f 1228 1221 1224
f 1219 1228 1229
f 1211 1219 1229
f 1211 1229 1230
f 1230 1200 1212
f 1230 1212 1211
f 1207 1231 1209
f 1209 1231 1232
f 1209 1232 1233
f 1207 1196 1231
f 1231 1196 1194
f 1231 1194 1234
f 1234 1194 1190
f 1234 1190 1177
f 1233 1235 1209
f 1234 1177 1236
f 1236 1177 1176
f 1236 1176 1237
f 1237 1176 1189
f 1237 1189 1238
f 1238 1189 1188
f 1238 1188 1239
f 1239 1188 1173
f 1173 1149 1239
f 1239 1149 1148
f 1239 1148 1240
f 1240 1148 1170
f 1240 1170 1160
f 1241 1242 1160
f 1160 1242 1243
f 1160 1243 1240
f 1160 1168 1244
f 1244 1168 1245
f 1244 1245 1246
f 1246 1245 1247
f 1246 1247 1248
f 1248 1247 1249
f 1248 1249 1250
f 1250 1249 1251
f 1250 1251 1252
f 1252 1251 1253
f 1252 1253 471
f 471 1253 921
f 921 1253 1254
f 921 1254 920
f 920 1254 806
f 806 1254 807
f 807 1254 1255
f 807 1255 809
f 809 1255 1256
f 809 1256 810
f 810 1256 1166
f 1166 1256 1257
f 1166 1257 1167
f 1167 1257 1247
f 1167 1247 1245
f 1168 1167 1245
f 1249 1247 1257
f 1251 1249 1256
f 1256 1249 1257
f 1253 1251 1255
f 1255 1251 1256
f 1254 1253 1255
f 818 819 1258
f 1258 819 1222
f 1258 1222 1259
f 1259 1222 1220
f 1259 1220 1260
f 1260 1220 1261
f 1260 1261 1262
f 1262 1261 1210
f 1262 1210 1263
f 1263 1210 1212
f 1263 1212 1209
f 1220 1210 1261
f 1262 1264 1260
f 1260 1264 1265
f 1260 1265 1258
f 1258 1265 1266
f 1258 1266 818
f 818 1266 817
f 817 1266 1267
f 817 1267 116
f 116 1267 115
f 115 1267 1268
f 115 1268 114
f 114 1268 108
f 108 1268 1269
f 1269 1268 1270
f 1269 1270 1271
f 1271 1270 1265
f 1271 1265 1264
f 1259 1260 1258
f 1267 1266 1270
f 1270 1266 1265
f 1268 1267 1270
f 1241 1160 1272
f 1272 1160 1244
f 1272 1244 1273
f 1273 1244 1274
f 1274 1244 1246
f 1274 1246 1275
f 1275 1246 1248
f 1275 1248 1276
f 1276 1248 1250
f 1276 1250 1277
f 1277 1250 1252
f 1277 1252 1278
f 1278 1252 471
f 1278 471 472
f 1279 1280 1281
f 1281 1280 1282
f 1281 1282 1283
f 1281 1283 1284
f 1284 1283 1285
f 1284 1285 1286
f 1286 1285 1287
f 1286 1287 1288
f 1285 1289 1287
f 1286 1288 1290
f 1290 1288 1291
f 1290 1291 1292
f 1293 1294 1292
f 1292 1294 1295
f 1292 1295 1290
f 1290 1295 1286
f 107 1296 1293
f 1293 1296 1297
f 1293 1297 1294
f 1294 1297 1295
f 107 1298 1296
f 1296 1298 1299
f 1296 1299 1297
f 1297 1299 1300
f 1297 1300 1301
f 1301 1300 1279
f 1301 1279 1281
f 1301 1281 1284
f 1301 1284 1295
f 1295 1284 1286
f 1297 1301 1295
f 1302 1303 1304
f 1304 1303 1289
f 1304 1289 1285
f 1285 1283 1304
f 1304 1283 1305
f 1304 1305 1302
f 1302 1305 1306
f 1306 1305 1307
f 1306 1307 1308
f 1308 1307 1309
f 1308 1309 1235
f 1283 1282 1305
f 1305 1282 1307
f 1280 1310 1282
f 1282 1310 1307
f 1310 1309 1307
f 1311 1312 1313
f 1313 1312 1314
f 1313 1314 1315
f 1315 1314 1316
f 1315 1316 1317
f 1315 1317 1318
f 1318 1317 1234
f 1318 1234 1236
f 1318 1236 1319
f 1319 1236 1237
f 1319 1237 1238
f 1239 1320 1238
f 1238 1320 1321
f 1238 1321 1319
f 1319 1321 1315
f 1319 1315 1318
f 1239 1322 1320
f 1320 1322 1323
f 1320 1323 1321
f 1321 1323 1313
f 1321 1313 1315
f 1322 1324 1323
f 1323 1324 1311
f 1323 1311 1313
f 1325 1326 1327
f 1327 1326 1328
f 1327 1328 1329
f 1329 1328 1330
f 1329 1330 1331
f 1232 1332 1331
f 1331 1332 1333
f 1331 1333 1329
f 1329 1333 1334
f 1329 1334 1327
f 1327 1334 1325
f 1232 1335 1332
f 1332 1335 1336
f 1332 1336 1333
f 1333 1336 1337
f 1333 1337 1334
f 1334 1337 1338
f 1334 1338 1339
f 1335 1340 1336
f 1336 1340 1341
f 1336 1341 1337
f 1337 1341 1342
f 1337 1342 1338
f 1339 1325 1334
f 1343 1344 1345
f 1345 1344 1346
f 1345 1346 1347
f 1347 1346 1348
f 1347 1348 1349
f 1347 1349 1350
f 1350 1349 1351
f 1350 1351 1352
f 1350 1352 1353
f 1353 1352 1354
f 1353 1354 1355
f 1243 1356 1355
f 1355 1356 1357
f 1355 1357 1353
f 1353 1357 1347
f 1353 1347 1350
f 1243 1358 1356
f 1356 1358 1359
f 1356 1359 1357
f 1357 1359 1345
f 1357 1345 1347
f 1358 1360 1359
f 1359 1360 1343
f 1359 1343 1345
f 1361 1362 1363
f 1363 1362 1364
f 1363 1364 1365
f 1365 1364 1366
f 1365 1366 1367
f 1365 1367 1368
f 1368 1367 1369
f 1368 1369 1370
f 1368 1370 1371
f 1371 1370 1372
f 1371 1372 1373
f 1231 1374 1373
f 1373 1374 1375
f 1373 1375 1371
f 1371 1375 1365
f 1371 1365 1368
f 1231 1376 1374
f 1374 1376 1377
f 1374 1377 1375
f 1375 1377 1363
f 1375 1363 1365
f 1376 1378 1377
f 1377 1378 1361
f 1377 1361 1363
f 1232 1231 1335
f 1335 1231 1373
f 1335 1373 1340
f 1340 1373 1372
f 1340 1372 1341
f 1341 1372 1370
f 1341 1370 1342
f 1342 1370 1369
f 1379 1380 1312
f 1312 1380 1381
f 1312 1381 1382
f 1383 1362 1382
f 1382 1362 1361
f 1382 1361 1314
f 1314 1361 1316
f 1316 1361 1378
f 1316 1378 1317
f 1317 1378 1376
f 1317 1376 1234
f 1234 1376 1231
f 1383 1384 1362
f 1362 1384 1385
f 1314 1312 1382
f 1386 1387 1388
f 1388 1387 1389
f 1388 1389 1390
f 1390 1389 1391
f 1390 1391 1392
f 1240 1393 1392
f 1392 1393 1394
f 1392 1394 1390
f 1390 1394 1395
f 1390 1395 1388
f 1388 1395 1386
f 1240 1396 1393
f 1393 1396 1397
f 1393 1397 1394
f 1394 1397 1398
f 1394 1398 1395
f 1395 1398 1399
f 1395 1399 1400
f 1396 1401 1397
f 1397 1401 1402
f 1397 1402 1398
f 1398 1402 1403
f 1398 1403 1399
f 1400 1386 1395
f 1351 1403 1352
f 1352 1403 1402
f 1352 1402 1354
f 1354 1402 1401
f 1354 1401 1355
f 1355 1401 1396
f 1355 1396 1243
f 1243 1396 1240
f 1404 1405 1406
f 1406 1405 1407
f 1406 1407 1408
f 1408 1407 1409
f 1408 1409 1410
f 1411 1412 1410
f 1410 1412 1413
f 1410 1413 1408
f 1408 1413 1414
f 1408 1414 1406
f 1406 1414 1404
f 1411 1415 1412
f 1412 1415 1416
f 1412 1416 1413
f 1413 1416 1417
f 1413 1417 1418
f 1418 1417 1419
f 1418 1419 1420
f 1416 1419 1417
f 1420 1421 1418
f 1418 1421 1414
f 1418 1414 1413
f 1421 1422 1414
f 1414 1422 1404
f 1423 1424 1425
f 1425 1424 1426
f 1425 1426 1427
f 1427 1426 1428
f 1427 1428 1429
f 1427 1429 1430
f 1430 1429 1431
f 1430 1431 1432
f 1430 1432 1433
f 1433 1432 1434
f 1433 1434 1435
f 1436 1437 1435
f 1435 1437 1438
f 1435 1438 1433
f 1433 1438 1427
f 1433 1427 1430
f 1436 1439 1437
f 1437 1439 1440
f 1437 1440 1438
f 1438 1440 1441
f 1438 1441 1425
f 1425 1441 1423
f 1440 1423 1441
f 1427 1438 1425
f 1431 1420 1432
f 1432 1420 1419
f 1432 1419 1434
f 1434 1419 1416
f 1434 1416 1435
f 1435 1416 1415
f 1435 1415 1436
f 1436 1415 1411
f 1442 1443 1362
f 1362 1443 1444
f 1362 1444 1445
f 1446 1424 1445
f 1445 1424 1423
f 1445 1423 1364
f 1364 1423 1366
f 1366 1423 1440
f 1366 1440 1367
f 1367 1440 1439
f 1367 1439 1369
f 1369 1439 1436
f 1446 1447 1424
f 1424 1447 1448
f 1364 1362 1445
f 1449 1450 1424
f 1424 1450 1451
f 1424 1451 1452
f 1453 1387 1452
f 1452 1387 1386
f 1452 1386 1426
f 1426 1386 1428
f 1428 1386 1400
f 1428 1400 1429
f 1429 1400 1399
f 1429 1399 1431
f 1431 1399 1403
f 1453 1454 1387
f 1387 1454 1455
f 1426 1424 1452
f 1456 1457 1344
f 1344 1457 1458
f 1344 1458 1459
f 1460 1405 1459
f 1459 1405 1404
f 1459 1404 1346
f 1346 1404 1348
f 1348 1404 1422
f 1348 1422 1349
f 1349 1422 1421
f 1349 1421 1351
f 1351 1421 1420
f 1460 1461 1405
f 1405 1461 1462
f 1346 1344 1459
f 1463 1464 1405
f 1405 1464 1465
f 1405 1465 1466
f 1467 1326 1466
f 1466 1326 1325
f 1466 1325 1407
f 1407 1325 1409
f 1409 1325 1339
f 1409 1339 1410
f 1410 1339 1338
f 1410 1338 1411
f 1411 1338 1342
f 1467 1468 1326
f 1326 1468 1469
f 1407 1405 1466
f 1470 1471 1387
f 1387 1471 1472
f 1387 1472 1473
f 1474 1312 1473
f 1473 1312 1311
f 1473 1311 1389
f 1389 1311 1391
f 1391 1311 1324
f 1391 1324 1392
f 1392 1324 1322
f 1392 1322 1240
f 1240 1322 1239
f 1474 1475 1312
f 1312 1475 1476
f 1389 1387 1473
f 1243 1242 1358
f 1358 1242 1477
f 1358 1477 1360
f 1360 1477 1478
f 1360 1478 1343
f 1343 1478 1479
f 1343 1479 1344
f 1344 1479 1480
f 1326 1481 1328
f 1328 1481 1482
f 1328 1482 1330
f 1330 1482 1483
f 1330 1483 1331
f 1331 1483 1484
f 1331 1484 1232
f 1232 1484 1233
f 1480 1479 1485
f 1485 1479 1486
f 1486 1479 1478
f 1486 1478 1487
f 1487 1478 1477
f 1487 1477 1488
f 1488 1477 1242
f 1488 1242 1241
f 1489 1490 1491
f 1491 1490 1492
f 1491 1492 1493
f 1493 1492 1494
f 1493 1494 1495
f 1495 1494 1496
f 1496 1494 1497
f 1496 1497 1498
f 1498 1497 1499
f 1498 1499 1500
f 1500 1499 1276
f 1500 1276 1277
f 1490 1501 1492
f 1492 1501 1502
f 1492 1502 1494
f 1494 1502 1497
f 1501 1503 1502
f 1502 1503 1504
f 1502 1504 1497
f 1497 1504 1499
f 1503 1274 1504
f 1504 1274 1275
f 1504 1275 1499
f 1499 1275 1276
f 1500 1277 1505
f 1505 1277 1278
f 1505 1278 472
f 472 473 1505
f 1505 473 1500
f 1500 473 1498
f 1498 1506 1496
f 1490 1489 1507
f 1507 1489 1485
f 1507 1485 1486
f 1507 1486 1508
f 1508 1486 1487
f 1508 1487 1509
f 1509 1487 1488
f 1509 1488 1273
f 1273 1488 1272
f 1272 1488 1241
f 1274 1503 1273
f 1273 1503 1509
f 1503 1501 1509
f 1509 1501 1508
f 1501 1490 1508
f 1508 1490 1507
f 1481 1303 1482
f 1482 1303 1302
f 1482 1302 1483
f 1483 1302 1306
f 1483 1306 1484
f 1484 1306 1308
f 1484 1308 1233
f 1233 1308 1235
f 1379 1312 1510
f 1510 1312 1511
f 1511 1312 1512
f 1512 1312 1476
f 1455 1513 1387
f 1387 1513 1514
f 1387 1514 1515
f 1515 1470 1387
f 1448 1516 1424
f 1424 1516 1517
f 1424 1517 1518
f 1518 1449 1424
f 1442 1362 1519
f 1519 1362 1520
f 1520 1362 1521
f 1521 1362 1385
f 1516 1448 1522
f 1522 1448 1447
f 1522 1447 1523
f 1523 1447 1446
f 1523 1446 1524
f 1524 1446 1445
f 1524 1445 1525
f 1525 1445 1444
f 1525 1444 1526
f 1526 1444 1443
f 1526 1443 1442
f 1442 1519 1526
f 1526 1519 1527
f 1526 1527 1528
f 1528 1527 1529
f 1528 1529 1530
f 1530 1529 1531
f 1530 1531 1532
f 1532 1531 1533
f 1532 1533 1534
f 1534 1533 1535
f 1534 1535 1536
f 1536 1535 1537
f 1536 1537 1538
f 1538 1537 1539
f 1538 1539 1540
f 1540 1539 1541
f 1540 1541 1542
f 1542 1541 1543
f 1542 1543 1544
f 1544 1543 1545
f 1544 1545 1546
f 1546 1545 1511
f 1546 1511 1512
f 1519 1520 1527
f 1527 1520 1547
f 1527 1547 1529
f 1529 1547 1531
f 1520 1521 1547
f 1547 1521 1548
f 1547 1548 1531
f 1531 1548 1533
f 1521 1385 1548
f 1548 1385 1549
f 1548 1549 1533
f 1533 1549 1535
f 1385 1384 1549
f 1549 1384 1383
f 1549 1383 1550
f 1550 1383 1382
f 1550 1382 1551
f 1551 1382 1381
f 1551 1381 1552
f 1552 1381 1380
f 1552 1380 1379
f 1552 1379 1553
f 1553 1379 1510
f 1553 1510 1545
f 1545 1510 1511
f 1546 1512 1554
f 1554 1512 1476
f 1554 1476 1475
f 1475 1474 1554
f 1554 1474 1555
f 1554 1555 1556
f 1556 1555 1557
f 1556 1557 1558
f 1558 1557 1559
f 1558 1559 1560
f 1560 1559 1561
f 1561 1559 1562
f 1561 1562 1563
f 1563 1562 1564
f 1563 1564 1565
f 1565 1564 1566
f 1565 1566 1567
f 1567 1566 1514
f 1567 1514 1513
f 1474 1473 1555
f 1555 1473 1557
f 1473 1472 1557
f 1557 1472 1568
f 1557 1568 1559
f 1559 1568 1562
f 1472 1471 1568
f 1568 1471 1569
f 1568 1569 1562
f 1562 1569 1564
f 1471 1470 1569
f 1569 1470 1515
f 1569 1515 1566
f 1566 1515 1514
f 1567 1513 1570
f 1570 1513 1455
f 1570 1455 1454
f 1570 1454 1571
f 1571 1454 1453
f 1571 1453 1572
f 1572 1453 1452
f 1572 1452 1573
f 1573 1452 1451
f 1573 1451 1450
f 1573 1450 1574
f 1574 1450 1449
f 1574 1449 1518
f 1574 1518 1575
f 1575 1518 1517
f 1575 1517 1576
f 1576 1517 1516
f 1576 1516 1522
f 1530 1577 1528
f 1528 1577 1578
f 1528 1578 1526
f 1526 1578 1525
f 1577 1579 1578
f 1578 1579 1580
f 1578 1580 1525
f 1525 1580 1524
f 1579 1581 1580
f 1580 1581 1582
f 1580 1582 1524
f 1524 1582 1523
f 1581 1583 1582
f 1582 1583 1584
f 1582 1584 1523
f 1523 1584 1522
f 1583 1585 1584
f 1584 1585 1586
f 1584 1586 1522
f 1522 1586 1576
f 1585 1587 1586
f 1586 1587 1588
f 1586 1588 1576
f 1576 1588 1575
f 1588 1587 1589
f 1589 1587 1590
f 1589 1590 1591
f 1591 1590 1592
f 1591 1592 1593
f 1593 1592 1594
f 1593 1594 1595
f 1595 1594 1596
f 1595 1596 1597
f 1597 1596 1598
f 1597 1598 1599
f 1599 1598 1600
f 1599 1600 1565
f 1565 1600 1563
f 1560 1601 1558
f 1558 1601 1556
f 1601 1602 1556
f 1556 1602 1603
f 1556 1603 1554
f 1554 1603 1546
f 1602 1604 1603
f 1603 1604 1544
f 1603 1544 1546
f 1604 1542 1544
f 1572 1595 1571
f 1571 1595 1597
f 1571 1597 1570
f 1570 1597 1599
f 1570 1599 1567
f 1567 1599 1565
f 1595 1572 1593
f 1593 1572 1573
f 1593 1573 1591
f 1591 1573 1574
f 1591 1574 1589
f 1589 1574 1575
f 1589 1575 1588
f 1537 1535 1550
f 1550 1535 1549
f 1539 1537 1551
f 1551 1537 1550
f 1551 1552 1539
f 1539 1552 1553
f 1539 1553 1541
f 1541 1553 1543
f 1545 1543 1553
f 1566 1564 1569
f 1303 1605 1289
f 1289 1605 1606
f 1289 1606 1607
f 1607 1606 1608
f 1607 1608 1609
f 1609 1608 1610
f 1609 1610 1611
f 1605 1303 1612
f 1612 1303 1481
f 1612 1481 1613
f 1612 1613 1614
f 1614 1613 1615
f 1614 1615 1616
f 1616 1615 1617
f 1616 1617 1618
f 1618 1617 1469
f 1618 1469 1619
f 1619 1469 1468
f 1619 1468 1467
f 1619 1467 1620
f 1620 1467 1466
f 1620 1466 1621
f 1621 1466 1465
f 1621 1465 1622
f 1622 1465 1464
f 1622 1464 1463
f 1463 1623 1622
f 1622 1623 1624
f 1622 1624 1625
f 1625 1624 1626
f 1625 1626 1627
f 1627 1626 1628
f 1628 1626 1629
f 1628 1629 1630
f 1630 1629 1631
f 1630 1631 1632
f 1632 1631 1633
f 1632 1633 1634
f 1634 1633 1635
f 1634 1635 1636
f 1636 1635 1637
f 1636 1637 1638
f 1638 1637 1458
f 1638 1458 1457
f 1623 1639 1624
f 1624 1639 1640
f 1624 1640 1626
f 1626 1640 1629
f 1640 1639 1641
f 1641 1639 1642
f 1641 1642 1643
f 1643 1642 1462
f 1643 1462 1461
f 1461 1460 1643
f 1643 1460 1644
f 1643 1644 1633
f 1633 1644 1635
f 1460 1459 1644
f 1644 1459 1637
f 1644 1637 1635
f 1459 1458 1637
f 1638 1457 1645
f 1645 1457 1456
f 1645 1456 1646
f 1645 1646 1647
f 1647 1646 1648
f 1647 1648 1649
f 1649 1648 1650
f 1649 1650 1651
f 1651 1650 1480
f 1651 1480 1485
f 1651 1485 1652
f 1652 1485 1489
f 1652 1489 1653
f 1653 1489 1654
f 1653 1654 1655
f 1655 1654 1656
f 1655 1656 1657
f 1657 1656 1658
f 1657 1659 1655
f 1655 1659 1660
f 1655 1660 1653
f 1653 1660 1661
f 1653 1661 1652
f 1652 1661 1662
f 1652 1662 1651
f 1651 1662 1663
f 1651 1663 1649
f 1649 1663 1664
f 1649 1664 1647
f 1647 1664 1665
f 1647 1665 1645
f 1645 1665 1666
f 1645 1666 1638
f 1638 1666 1636
f 1659 1667 1660
f 1660 1667 1668
f 1660 1668 1669
f 1660 1669 1661
f 1661 1669 1670
f 1661 1670 1662
f 1662 1670 1671
f 1662 1671 1663
f 1663 1671 1672
f 1663 1672 1664
f 1664 1672 1673
f 1664 1673 1665
f 1665 1673 1674
f 1665 1674 1666
f 1666 1674 1675
f 1666 1675 1636
f 1636 1675 1634
f 1627 1676 1625
f 1625 1676 1677
f 1625 1677 1622
f 1622 1677 1621
f 1676 1678 1677
f 1677 1678 1679
f 1677 1679 1621
f 1621 1679 1620
f 1678 1680 1679
f 1679 1680 1681
f 1679 1681 1620
f 1620 1681 1619
f 1681 1680 1682
f 1682 1680 1683
f 1682 1683 1684
f 1684 1683 1685
f 1684 1685 1686
f 1686 1685 1687
f 1686 1687 1688
f 1688 1687 1689
f 1688 1689 1690
f 1690 1689 1691
f 1690 1691 1692
f 1692 1691 1693
f 1692 1693 1694
f 1694 1693 1695
f 1694 1695 1696
f 1696 1695 1697
f 1696 1697 1698
f 1698 1699 1696
f 1696 1699 1608
f 1696 1608 1694
f 1694 1608 1606
f 1694 1606 1692
f 1692 1606 1605
f 1692 1605 1690
f 1690 1605 1612
f 1690 1612 1688
f 1688 1612 1614
f 1688 1614 1686
f 1686 1614 1616
f 1686 1616 1684
f 1684 1616 1618
f 1684 1618 1682
f 1682 1618 1619
f 1682 1619 1681
f 1699 1610 1608
f 1631 1629 1641
f 1641 1629 1640
f 1633 1631 1643
f 1643 1631 1641
f 1481 1326 1613
f 1613 1326 1615
f 1615 1326 1617
f 1617 1326 1469
f 1463 1405 1623
f 1623 1405 1639
f 1639 1405 1642
f 1642 1405 1462
f 1456 1344 1646
f 1646 1344 1648
f 1648 1344 1650
f 1650 1344 1480
f 1489 1491 1654
f 1654 1491 1656
f 1656 1491 1493
f 1656 1493 1658
f 1658 1493 1495
f 1291 1288 1611
f 1611 1288 1609
f 1609 1288 1287
f 1609 1287 1607
f 1607 1287 1289
f 1431 1403 1420
f 1420 1403 1351
f 1411 1342 1436
f 1436 1342 1369
f 1700 1604 1668
f 1668 1604 1602
f 1668 1602 1669
f 1669 1602 1601
f 1669 1601 1670
f 1670 1601 1560
f 1670 1560 1671
f 1671 1560 1561
f 1671 1561 1672
f 1672 1561 1563
f 1672 1563 1673
f 1673 1563 1600
f 1673 1600 1674
f 1674 1600 1598
f 1674 1598 1675
f 1675 1598 1596
f 1675 1596 1634
f 1634 1596 1594
f 1634 1594 1632
f 1632 1594 1592
f 1632 1592 1630
f 1630 1592 1590
f 1630 1590 1628
f 1628 1590 1587
f 1628 1587 1627
f 1627 1587 1585
f 1627 1585 1676
f 1676 1585 1583
f 1676 1583 1678
f 1678 1583 1581
f 1678 1581 1680
f 1680 1581 1579
f 1680 1579 1683
f 1683 1579 1577
f 1683 1577 1685
f 1685 1577 1687
f 1687 1577 1530
f 1687 1530 1689
f 1689 1530 1532
f 1689 1532 1691
f 1691 1532 1534
f 1691 1534 1693
f 1693 1534 1536
f 1693 1536 1695
f 1695 1536 1538
f 1695 1538 1697
f 1697 1538 1540
f 1697 1540 1701
f 1701 1540 1702
f 1702 1540 1703
f 1703 1540 1542
f 1703 1542 1704
f 1704 1542 1705
f 1705 1542 1706
f 1706 1542 1707
f 1707 1542 1708
f 1708 1542 1709
f 1709 1542 1604
f 1709 1604 1710
f 1710 1604 1700
f 1711 1712 1713
f 1713 1712 1714
f 1713 1714 1715
f 1715 1714 1716
f 1715 1716 1717
f 1715 1717 1718
f 1718 1717 1719
f 1718 1719 1720
f 1718 1720 1721
f 1721 1720 1722
f 1721 1722 1723
f 1723 1711 1721
f 1721 1711 1713
f 1721 1713 1715
f 1718 1721 1715
f 1724 1722 1725
f 1725 1722 1720
f 1725 1720 1726
f 1726 1720 1719
f 1726 1719 1727
f 1727 1719 1717
f 1727 1717 1728
f 1729 1730 1731
f 1731 1730 1732
f 1731 1732 1733
f 1733 1732 1734
f 1733 1734 1735
f 1735 1734 1736
f 1735 1736 1737
f 1737 1736 1738
f 1737 1738 1739
f 1734 1740 1736
f 1736 1740 1741
f 1736 1741 1738
f 1739 1742 1737
f 1737 1742 1743
f 1737 1743 1735
f 1735 1743 1733
f 1742 1744 1743
f 1743 1744 1745
f 1743 1745 1733
f 1733 1745 1731
f 1744 1746 1745
f 1745 1746 1747
f 1745 1747 1731
f 1731 1747 1729
f 1746 1748 1747
f 1747 1748 1749
f 1747 1749 1729
f 1730 1717 1732
f 1732 1717 1716
f 1732 1716 1734
f 1734 1716 1714
f 1734 1714 1740
f 1740 1714 1712
f 1728 1750 1727
f 1727 1750 1751
f 1752 1751 1753
f 1753 1751 1754
f 1753 1754 1755
f 1755 1754 1756
f 1755 1756 1757
f 1740 1712 1758
f 1758 1712 1759
f 1722 1724 1760
f 1760 1724 1761
f 1757 1756 1762
f 1762 1756 1763
f 1764 1147 1765
f 1765 1147 1766
f 1765 1766 1767
f 1768 1769 1767
f 1767 1769 1770
f 1767 1770 1765
f 1765 1770 1771
f 1765 1771 1764
f 1764 1771 1772
f 1772 1771 1773
f 1772 1773 1774
f 1774 1773 1775
f 1774 1775 1776
f 1776 1775 1777
f 1776 1777 1778
f 1778 1777 1779
f 1779 1777 1780
f 1780 1777 1781
f 1780 1781 1782
f 1782 1781 1783
f 1782 1783 1770
f 1770 1783 1771
f 1768 1784 1769
f 1769 1784 1785
f 1769 1785 1782
f 1782 1785 1780
f 1778 1786 1776
f 1776 1786 1774
f 1786 1787 1774
f 1774 1787 1772
f 1775 1773 1783
f 1783 1773 1771
f 1782 1770 1769
f 1777 1775 1781
f 1781 1775 1783
f 1144 1788 1147
f 1147 1788 1766
f 1766 1788 1704
f 1766 1704 1767
f 1767 1704 1705
f 1767 1705 1706
f 1706 1707 1767
f 1767 1707 1768
f 1768 1707 1708
f 1768 1708 1709
f 1789 1784 1790
f 1790 1784 1768
f 476 482 1789
f 1789 482 1791
f 1789 1791 1792
f 1792 1784 1789
f 107 108 1298
f 1298 108 1269
f 1298 1269 1299
f 1299 1269 1271
f 1299 1271 1300
f 1300 1271 1264
f 1300 1264 1279
f 1279 1264 1262
f 1279 1262 1280
f 1280 1262 1263
f 1280 1263 1310
f 1310 1263 1309
f 1309 1263 1209
f 1309 1209 1235
f 1793 1794 1795
f 1795 1794 1796
f 1796 1794 1797
f 1797 1794 1798
f 1798 1794 1799
f 1798 1799 1800
f 1800 1799 1801
f 1801 1799 1802
f 1803 1804 1805
f 1805 1804 1806
f 1140 1143 1807
f 1807 1143 1808
f 1807 1808 1809
f 1809 1810 1807
f 1807 1810 1804
f 1804 1810 1811
f 1804 1811 1806
f 1806 1811 1812
f 1806 1812 1813
f 1813 1812 1814
f 1813 1814 1815
f 1815 1125 1813
f 1813 1125 1127
f 1742 1739 1787
f 1787 1739 1816
f 1787 1816 1817
f 1817 1816 1818
f 1817 1818 1819
f 1817 1819 1820
f 1820 1819 1821
f 1820 1821 1822
f 1822 1823 1820
f 1820 1823 1824
f 1824 1823 1825
f 1824 1825 1826
f 1824 1826 1827
f 1827 1826 1828
f 1827 1828 1829
f 1827 1829 1830
f 1830 1829 1831
f 1830 1831 1832
f 1832 1833 1830
f 1830 1833 1834
f 1830 1834 1835
f 1835 1834 1836
f 1833 1837 1834
f 1834 1837 1838
f 1834 1838 1748
f 1834 1748 1779
f 1779 1748 1746
f 1779 1746 1744
f 1779 1744 1787
f 1787 1744 1742
f 1827 1839 1824
f 1824 1839 1840
f 1841 1842 1820
f 1820 1842 1817
f 1787 1786 1779
f 1779 1786 1778
f 1130 1135 1843
f 1843 1135 1844
f 1843 1844 1845
f 1845 1844 1846
f 1845 1846 1847
f 1847 1846 1848
f 1847 1848 1849
f 1849 1848 1850
f 1849 1850 1851
f 1849 1851 1852
f 1852 1851 1853
f 1852 1853 1854
f 1854 1853 815
f 815 1853 805
f 1762 1763 1855
f 1855 1763 1856
f 1855 1856 1857
f 1857 1856 1858
f 1857 1858 1859
f 1859 1858 1860
f 1859 1860 1861
f 1862 1759 1863
f 1863 1759 1864
f 1863 1864 1865
f 1863 1865 1866
f 1866 1865 1760
f 1866 1760 1867
f 1866 1867 1868
f 1868 1867 1869
f 1868 1869 1870
f 1868 1870 1871
f 1871 1870 1872
f 1871 1872 1862
f 1871 1862 1863
f 1868 1871 1863
f 1866 1868 1863
f 1861 1870 1859
f 1859 1870 1869
f 1873 1869 1874
f 1874 1869 1867
f 1874 1867 1875
f 1875 1867 1760
f 1875 1760 1761
f 1876 1758 1877
f 1877 1758 1878
f 1877 1878 1879
f 1879 1878 1880
f 1879 1880 1881
f 1881 1880 1882
f 1881 1882 1883
f 1883 1882 1884
f 1883 1884 1822
f 1880 1885 1882
f 1882 1885 1886
f 1882 1886 1884
f 1822 1821 1883
f 1883 1821 1887
f 1883 1887 1881
f 1881 1887 1879
f 1821 1819 1887
f 1887 1819 1888
f 1887 1888 1879
f 1879 1888 1877
f 1819 1818 1888
f 1888 1818 1889
f 1888 1889 1877
f 1877 1889 1876
f 1818 1816 1889
f 1889 1816 1890
f 1889 1890 1876
f 1740 1758 1741
f 1741 1758 1876
f 1741 1876 1738
f 1738 1876 1890
f 1738 1890 1739
f 1739 1890 1816
f 1870 1885 1872
f 1872 1885 1880
f 1872 1880 1862
f 1862 1880 1878
f 1862 1878 1759
f 1759 1878 1758
f 1722 1760 1723
f 1723 1760 1865
f 1723 1865 1711
f 1711 1865 1864
f 1711 1864 1712
f 1712 1864 1759
f 1891 1892 1893
f 1893 1892 1885
f 1893 1885 1861
f 1861 1885 1870
f 1861 1860 1893
f 1893 1860 1894
f 1894 1860 1895
f 1894 1895 1896
f 1860 1897 1895
f 1896 1898 1894
f 822 821 1899
f 1899 821 1123
f 1899 1123 1124
f 1899 1124 1900
f 1900 1124 101
f 1900 101 1901
f 1900 1901 1902
f 1902 1901 1903
f 1902 1903 1904
f 1904 1903 1905
f 1904 1905 234
f 234 1905 229
f 234 235 1904
f 1904 235 1906
f 1904 1906 1902
f 1902 1906 1907
f 1902 1907 1900
f 1900 1907 1899
f 235 236 1906
f 1906 236 823
f 1906 823 1907
f 1907 823 822
f 1907 822 1899
f 1908 1817 1909
f 1909 1817 1842
f 1909 1842 1910
f 1910 1842 1841
f 1910 1841 1911
f 1911 1841 1820
f 1911 1820 1912
f 1913 1914 1912
f 1912 1914 1915
f 1912 1915 1911
f 1911 1915 1910
f 1914 1913 1916
f 1916 1913 1917
f 1916 1917 1918
f 1916 1918 1919
f 1919 1918 1920
f 1919 1920 1921
f 1919 1921 1922
f 1922 1921 1145
f 1922 1145 1923
f 1922 1923 1924
f 1924 1923 1908
f 1924 1908 1925
f 1925 1908 1909
f 1925 1909 1910
f 1924 1925 1926
f 1926 1925 1910
f 1926 1910 1915
f 1922 1924 1927
f 1927 1924 1926
f 1927 1926 1914
f 1914 1926 1915
f 1916 1919 1927
f 1927 1919 1922
f 1916 1927 1914
f 1146 1145 1928
f 1928 1145 1921
f 1928 1921 1929
f 1929 1921 1920
f 1929 1920 1930
f 1930 1920 1918
f 1930 1918 1931
f 1931 1918 1917
f 1787 1817 1772
f 1772 1817 1908
f 1772 1908 1764
f 1764 1908 1923
f 1764 1923 1147
f 1147 1923 1145
f 228 229 1931
f 1931 229 1905
f 1931 1905 1930
f 1930 1905 1903
f 1930 1903 1929
f 1929 1903 1901
f 1929 1901 1928
f 1928 1901 1146
f 1146 1901 101
f 1146 101 102
f 1932 1933 1917
f 1917 1933 228
f 1917 228 1931
f 1933 227 228
f 1934 1935 1936
f 1936 1935 1937
f 1938 1939 1940
f 1940 1939 1941
f 1940 1941 1942
f 1942 1943 1940
f 1940 1943 1944
f 1944 1943 1945
f 1944 1945 1946
f 1946 1947 1944
f 939 942 1948
f 1948 942 1949
f 1948 1949 1950
f 1950 1951 1948
f 1948 1951 1936
f 1936 1951 1952
f 1936 1952 1934
f 1934 1952 1953
f 1934 1953 1954
f 1954 1953 1955
f 1954 1955 1956
f 1956 924 1954
f 1954 924 926
f 1957 1958 1959
f 1959 1958 763
f 1959 763 1960
f 1960 763 764
f 1960 764 765
f 1960 765 1961
f 1961 765 766
f 1961 766 767
f 1961 767 1962
f 1962 767 1963
f 1962 1963 1964
f 358 359 1965
f 1965 359 1966
f 1965 1966 1967
f 1967 1966 1968
f 1967 1968 1969
f 1969 1968 1970
f 1969 1970 1971
f 1971 1970 1972
f 1971 1972 1973
f 1973 1972 1974
f 1973 1974 1975
f 1975 1974 1976
f 1976 1974 1977
f 1976 1977 1978
f 1979 1980 1981
f 1981 1980 1982
f 1982 1980 1983
f 1982 1983 1984
f 1984 1983 1985
f 1984 1985 1986
f 1986 1987 1984
f 1984 1987 1988
f 1988 1987 1989
f 1988 1989 1990
f 1933 1932 1990
f 1990 1932 1988
f 1991 1981 1992
f 1992 1981 1993
f 1992 1993 1994
f 1994 1993 1995
f 1994 1995 1830
f 1830 1995 1827
f 1820 1824 1912
f 1912 1824 1996
f 1912 1996 1997
f 1932 1917 1997
f 1997 1917 1913
f 1997 1913 1912
f 1993 1981 1998
f 1998 1981 1982
f 1998 1982 1984
f 1988 1999 1984
f 1984 1999 2000
f 1984 2000 1998
f 1998 2000 2001
f 1998 2001 1993
f 1993 2001 1995
f 1995 2001 2002
f 1995 2002 2003
f 2003 2002 2004
f 2003 2004 2005
f 2005 2004 2006
f 2005 2006 1840
f 1840 2006 1824
f 1824 2006 1996
f 1996 2006 2007
f 1996 2007 2008
f 2008 2007 2009
f 2008 2009 2000
f 2000 2009 2001
f 1988 1932 1999
f 1999 1932 1997
f 1999 1997 2008
f 2008 1997 1996
f 1840 1839 2005
f 2005 1839 2003
f 1839 1827 2003
f 2003 1827 1995
f 2004 2002 2009
f 2009 2002 2001
f 2008 2000 1999
f 2006 2004 2007
f 2007 2004 2009
f 1893 1894 2010
f 2010 1894 2011
f 2010 2011 2012
f 2012 2011 2013
f 2012 2013 2014
f 2014 2013 2015
f 2014 2015 2016
f 2017 2018 2019
f 2019 2018 2020
f 2019 2020 2021
f 2021 2020 2022
f 2021 2022 2023
f 2023 2022 2024
f 2025 2024 2026
f 2026 2024 2027
f 2026 2027 2028
f 2028 2027 2029
f 2028 2029 2010
f 2010 2029 1891
f 2010 1891 1893
f 1892 1891 2030
f 2030 1891 2031
f 2030 2031 2032
f 2032 2031 2033
f 2032 2033 2034
f 2034 2033 2018
f 1885 1892 1886
f 1886 1892 2035
f 1886 2035 1884
f 1884 2035 2036
f 1884 2036 1822
f 1822 2036 1823
f 1831 1829 2037
f 2037 1829 2038
f 2037 2038 2039
f 2039 2038 2040
f 2039 2040 2041
f 2041 2040 2034
f 2035 1892 2042
f 2042 1892 2030
f 2042 2030 2043
f 2043 2030 2032
f 2043 2032 2044
f 2044 2032 2045
f 2044 2045 2046
f 2046 2045 2038
f 2046 2038 1829
f 2032 2034 2045
f 2045 2034 2040
f 2045 2040 2038
f 1829 1828 2046
f 2046 1828 2047
f 2046 2047 2044
f 2044 2047 2043
f 1828 1826 2047
f 2047 1826 2048
f 2047 2048 2043
f 2043 2048 2042
f 1826 1825 2048
f 2048 1825 2049
f 2048 2049 2042
f 2042 2049 2035
f 1825 1823 2049
f 2049 1823 2036
f 2049 2036 2035
f 2022 2050 2024
f 2024 2050 2051
f 2024 2051 2027
f 2027 2051 2029
f 2029 2051 2052
f 2029 2052 1891
f 1891 2052 2031
f 2031 2052 2053
f 2031 2053 2033
f 2033 2053 2018
f 2018 2053 2020
f 2020 2053 2050
f 2020 2050 2022
f 2050 2053 2051
f 2051 2053 2052
f 825 804 2054
f 2054 804 2055
f 2054 2055 2056
f 2054 2056 2057
f 2057 2056 2058
f 2057 2058 2059
f 2059 2058 2060
f 2060 2058 2061
f 2060 2061 2062
f 2062 2061 2063
f 2062 2063 2064
f 2064 2063 2065
f 2064 2065 934
f 934 2065 929
f 956 958 2066
f 2066 958 2067
f 2066 2067 2068
f 2066 2068 2069
f 2069 2068 1854
f 2069 1854 2054
f 2054 1854 825
f 825 1854 815
f 2070 2071 2072
f 2072 2071 2073
f 2074 2075 2076
f 2076 2075 2077
f 2078 2079 2080
f 2080 2079 2081
f 2080 2081 2082
f 2082 2081 2083
f 2082 2083 2084
f 2085 2086 2087
f 2087 2086 2088
f 2088 2086 2089
f 2089 2086 2090
f 2091 2092 2093
f 2093 2092 2094
f 2094 2092 2095
f 2095 2092 2096
f 2097 2098 2099
f 2099 2098 2100
f 2100 2098 2101
f 2101 2098 2102
f 2103 2104 2105
f 2105 2104 2106
f 2105 2106 2107
f 2105 2107 2108
f 2108 2107 2109
f 2108 2109 2110
f 2110 2109 2111
f 2110 2111 2112
f 2112 2111 2113
f 2112 2113 2114
f 2114 2113 2115
f 2114 2115 2116
f 2114 2116 2117
f 2117 2116 2118
f 2117 2118 2119
f 2119 2118 2120
f 2119 2120 2121
f 2121 2120 2122
f 2121 2122 2123
f 2121 2123 2124
f 2124 2123 2125
f 2124 2125 2126
f 2126 2125 2127
f 2126 2127 2128
f 2128 2127 2129
f 2128 2129 2130
f 2128 2130 2131
f 2131 2130 2132
f 2131 2132 2133
f 2131 2133 2134
f 2134 2133 2135
f 2134 2135 2136
f 2136 2135 2137
f 2136 2137 2138
f 2138 2137 2139
f 2138 2139 2140
f 2138 2140 2141
f 2141 2140 2142
f 2141 2142 2143
f 2143 2142 2144
f 2143 2144 2145
f 2145 2144 2146
f 2145 2146 2147
f 2147 2146 2148
f 2147 2148 2149
f 2149 2150 2147
f 2147 2150 2151
f 2147 2151 2152
f 2152 2151 2153
f 2152 2153 2154
f 2154 2153 2155
f 2155 2153 2156
f 2155 2156 2157
f 2157 2156 2158
f 2157 2158 2159
f 2159 2158 2160
f 2159 2160 2161
f 2161 2160 2162
f 2161 2162 2163
f 2163 2162 2164
f 2163 2164 2165
f 2150 2166 2151
f 2151 2166 2167
f 2151 2167 2153
f 2153 2167 2156
f 2166 2168 2167
f 2167 2168 2169
f 2167 2169 2156
f 2156 2169 2158
f 2168 2170 2169
f 2169 2170 2171
f 2169 2171 2158
f 2158 2171 2160
f 2170 2172 2171
f 2171 2172 2173
f 2171 2173 2162
f 2162 2173 2164
f 2163 2165 2174
f 2174 2165 2175
f 2174 2175 2176
f 2174 2176 2177
f 2177 2176 2178
f 2177 2178 2179
f 2179 2178 2180
f 2179 2180 2181
f 2181 2180 2103
f 2181 2103 2105
f 2182 2183 2184
f 2184 2183 2185
f 2184 2185 2186
f 2186 2185 2126
f 2186 2126 2128
f 2183 2182 2187
f 2187 2182 2188
f 2187 2188 2189
f 2189 2188 2190
f 2189 2190 2191
f 2191 2190 2192
f 2191 2192 2193
f 2193 2192 2194
f 2193 2194 2195
f 2195 2194 2196
f 2195 2196 2197
f 2197 2196 2198
f 2197 2198 2110
f 2110 2198 2108
f 2196 2199 2198
f 2198 2199 2200
f 2198 2200 2105
f 2105 2200 2181
f 2199 2201 2200
f 2200 2201 2202
f 2200 2202 2181
f 2181 2202 2179
f 2201 2203 2202
f 2202 2203 2204
f 2202 2204 2179
f 2179 2204 2177
f 2203 2205 2204
f 2204 2205 2206
f 2204 2206 2177
f 2177 2206 2207
f 2177 2207 2174
f 2174 2207 2163
f 2205 2208 2206
f 2206 2208 2207
f 2208 2209 2207
f 2207 2209 2161
f 2207 2161 2163
f 2209 2159 2161
f 2154 2210 2152
f 2152 2210 2211
f 2152 2211 2147
f 2147 2211 2145
f 2210 2212 2211
f 2211 2212 2213
f 2211 2213 2145
f 2145 2213 2143
f 2212 2214 2213
f 2213 2214 2215
f 2213 2215 2143
f 2143 2215 2141
f 2215 2214 2216
f 2216 2214 2217
f 2216 2217 2218
f 2218 2217 2219
f 2218 2219 2220
f 2220 2219 2221
f 2220 2221 2222
f 2222 2221 2223
f 2222 2223 2224
f 2224 2223 2225
f 2224 2225 2186
f 2186 2225 2184
f 2126 2185 2124
f 2124 2185 2183
f 2124 2183 2121
f 2121 2183 2187
f 2121 2187 2119
f 2119 2187 2189
f 2119 2189 2117
f 2117 2189 2191
f 2117 2191 2114
f 2114 2191 2193
f 2114 2193 2112
f 2112 2193 2195
f 2112 2195 2110
f 2110 2195 2197
f 2198 2105 2108
f 2224 2186 2128
f 2222 2224 2131
f 2131 2224 2128
f 2220 2222 2134
f 2134 2222 2131
f 2218 2220 2136
f 2136 2220 2134
f 2216 2218 2138
f 2138 2218 2136
f 2215 2216 2141
f 2141 2216 2138
f 2162 2160 2171
f 2115 2226 2116
f 2116 2226 2118
f 2118 2226 2120
f 2120 2226 2122
f 2104 2103 2227
f 2227 2103 2180
f 2227 2180 2178
f 2178 2176 2227
f 2170 2168 2228
f 2228 2168 2166
f 2228 2166 2150
f 2150 2149 2228
f 2132 2229 2133
f 2133 2229 2135
f 2135 2229 2137
f 2137 2229 2139
f 2097 2230 2231
f 2231 2230 2232
f 2231 2232 2233
f 2233 2232 2234
f 2233 2234 2235
f 2235 2234 2236
f 2235 2236 2237
f 2237 2236 1978
f 2238 2084 2239
f 2239 2084 2240
f 2239 2240 2241
f 2239 2241 2242
f 2242 2241 2243
f 2242 2243 2244
f 2244 2243 2245
f 2244 2245 2246
f 2246 2245 2247
f 2247 2245 2248
f 2249 2250 2246
f 2246 2250 2244
f 2250 2251 2244
f 2244 2251 2242
f 2251 2238 2242
f 2242 2238 2239
f 222 2252 2253
f 2253 2252 2254
f 2254 2252 2255
f 2254 2255 2256
f 2256 2255 2257
f 2256 2257 2258
f 2258 2257 2259
f 2258 2259 2260
f 2260 2259 2261
f 2260 2261 2250
f 2250 2261 2251
f 2251 2261 2262
f 2251 2262 2238
f 2238 2262 2082
f 2238 2082 2084
f 2252 2263 2255
f 2255 2263 2257
f 2264 2265 2266
f 2266 2265 2259
f 2259 2265 2267
f 2268 2269 2078
f 2267 2078 2262
f 2262 2078 2080
f 2262 2080 2082
f 2250 2249 2260
f 2260 2249 2270
f 2260 2270 2258
f 2258 2270 2271
f 2258 2271 2256
f 2256 2271 2254
f 2261 2259 2267
f 2262 2261 2267
f 2090 2272 2240
f 2240 2272 2241
f 2241 2272 2273
f 2241 2273 2243
f 2243 2273 2274
f 2243 2274 2245
f 2245 2274 2275
f 2245 2275 2248
f 2098 2097 2276
f 2276 2097 2231
f 2276 2231 2277
f 2277 2231 2233
f 2277 2233 2278
f 2278 2233 2235
f 2278 2235 2279
f 2279 2235 2237
f 2280 2275 2281
f 2281 2275 2274
f 2281 2274 2282
f 2282 2274 2273
f 2282 2273 2283
f 2283 2273 2272
f 2283 2272 2086
f 2086 2272 2090
f 2149 2148 2228
f 2228 2148 2146
f 2228 2146 2144
f 2142 2229 2144
f 2144 2229 2284
f 2144 2284 2285
f 2285 2284 2286
f 2286 2284 2287
f 2286 2287 2288
f 2288 2287 2289
f 2288 2289 2290
f 2290 2289 2291
f 2142 2140 2229
f 2229 2140 2139
f 2285 2228 2144
f 2091 2292 2092
f 2092 2292 2293
f 2092 2293 2294
f 2295 2098 2294
f 2294 2098 2296
f 2294 2296 2297
f 2297 2296 2298
f 2298 2296 2299
f 2298 2299 2300
f 2300 2299 2301
f 2300 2301 2070
f 2070 2301 2071
f 2295 2302 2098
f 2098 2302 2102
f 2297 2092 2294
f 2085 2303 2086
f 2086 2303 2304
f 2086 2304 2305
f 2306 2092 2305
f 2305 2092 2307
f 2305 2307 2308
f 2308 2307 2309
f 2309 2307 2310
f 2309 2310 2311
f 2311 2310 2312
f 2311 2312 2077
f 2077 2312 2076
f 2306 2313 2092
f 2092 2313 2096
f 2308 2086 2305
f 2176 2175 2227
f 2227 2175 2165
f 2227 2165 2164
f 2173 2228 2164
f 2164 2228 2314
f 2164 2314 2315
f 2315 2314 2316
f 2316 2314 2317
f 2316 2317 2318
f 2318 2317 2319
f 2318 2319 2074
f 2074 2319 2075
f 2173 2172 2228
f 2228 2172 2170
f 2315 2227 2164
f 2115 2113 2226
f 2226 2113 2111
f 2226 2111 2109
f 2107 2227 2109
f 2109 2227 2320
f 2109 2320 2321
f 2321 2320 2322
f 2322 2320 2323
f 2322 2323 2324
f 2324 2323 2325
f 2324 2325 2073
f 2073 2325 2072
f 2107 2106 2227
f 2227 2106 2104
f 2321 2226 2109
f 2074 2076 2326
f 2326 2076 2327
f 2326 2327 2328
f 2328 2327 2329
f 2328 2329 2330
f 2330 2329 2331
f 2330 2331 2072
f 2072 2331 2070
f 2320 2227 2332
f 2332 2227 2315
f 2332 2315 2333
f 2333 2315 2316
f 2333 2316 2318
f 2333 2318 2334
f 2334 2318 2074
f 2334 2074 2326
f 2334 2326 2335
f 2335 2326 2328
f 2335 2328 2330
f 2072 2336 2330
f 2330 2336 2337
f 2330 2337 2335
f 2335 2337 2333
f 2335 2333 2334
f 2072 2325 2336
f 2336 2325 2338
f 2336 2338 2337
f 2337 2338 2332
f 2337 2332 2333
f 2325 2323 2338
f 2338 2323 2320
f 2338 2320 2332
f 2307 2092 2339
f 2339 2092 2297
f 2339 2297 2340
f 2340 2297 2298
f 2340 2298 2300
f 2070 2341 2300
f 2300 2341 2342
f 2300 2342 2340
f 2340 2342 2343
f 2340 2343 2339
f 2339 2343 2307
f 2070 2331 2341
f 2341 2331 2344
f 2341 2344 2342
f 2342 2344 2345
f 2342 2345 2343
f 2343 2345 2312
f 2343 2312 2310
f 2331 2329 2344
f 2344 2329 2327
f 2344 2327 2345
f 2345 2327 2076
f 2345 2076 2312
f 2310 2307 2343
f 2077 2075 2346
f 2346 2075 2347
f 2346 2347 2348
f 2348 2347 2349
f 2348 2349 2350
f 2350 2349 2351
f 2350 2351 2280
f 2280 2351 2290
f 2314 2228 2352
f 2352 2228 2285
f 2352 2285 2353
f 2353 2285 2286
f 2353 2286 2288
f 2290 2354 2288
f 2288 2354 2355
f 2288 2355 2353
f 2353 2355 2356
f 2353 2356 2352
f 2352 2356 2314
f 2290 2351 2354
f 2354 2351 2349
f 2354 2349 2355
f 2355 2349 2357
f 2355 2357 2358
f 2358 2357 2347
f 2358 2347 2075
f 2349 2347 2357
f 2075 2319 2358
f 2358 2319 2356
f 2358 2356 2355
f 2319 2317 2356
f 2356 2317 2314
f 2132 2130 2229
f 2229 2130 2129
f 2229 2129 2127
f 2125 2226 2127
f 2127 2226 2359
f 2127 2359 2360
f 2360 2359 2361
f 2361 2359 2362
f 2361 2362 2363
f 2363 2362 2364
f 2363 2364 2365
f 2365 2364 2366
f 2125 2123 2226
f 2226 2123 2122
f 2360 2229 2127
f 2279 2366 2367
f 2367 2366 2368
f 2367 2368 2369
f 2369 2368 2370
f 2369 2370 2371
f 2371 2370 2372
f 2371 2372 2071
f 2071 2372 2073
f 2359 2226 2373
f 2373 2226 2321
f 2373 2321 2374
f 2374 2321 2322
f 2374 2322 2324
f 2374 2324 2375
f 2375 2324 2073
f 2375 2073 2372
f 2375 2372 2376
f 2376 2372 2370
f 2376 2370 2368
f 2366 2377 2368
f 2368 2377 2378
f 2368 2378 2376
f 2376 2378 2374
f 2376 2374 2375
f 2366 2364 2377
f 2377 2364 2362
f 2377 2362 2378
f 2378 2362 2379
f 2378 2379 2373
f 2373 2379 2359
f 2362 2359 2379
f 2374 2378 2373
f 2283 2086 2380
f 2380 2086 2308
f 2380 2308 2381
f 2381 2308 2309
f 2381 2309 2311
f 2381 2311 2382
f 2382 2311 2077
f 2382 2077 2346
f 2382 2346 2383
f 2383 2346 2348
f 2383 2348 2350
f 2280 2384 2350
f 2350 2384 2385
f 2350 2385 2383
f 2383 2385 2381
f 2383 2381 2382
f 2280 2281 2384
f 2384 2281 2282
f 2384 2282 2385
f 2385 2282 2386
f 2385 2386 2380
f 2380 2386 2283
f 2282 2283 2386
f 2381 2385 2380
f 2296 2098 2387
f 2387 2098 2276
f 2387 2276 2388
f 2388 2276 2277
f 2388 2277 2278
f 2279 2389 2278
f 2278 2389 2390
f 2278 2390 2388
f 2388 2390 2391
f 2388 2391 2387
f 2387 2391 2296
f 2279 2367 2389
f 2389 2367 2369
f 2389 2369 2390
f 2390 2369 2392
f 2390 2392 2393
f 2393 2392 2371
f 2393 2371 2071
f 2369 2371 2392
f 2071 2301 2393
f 2393 2301 2391
f 2393 2391 2390
f 2301 2299 2391
f 2391 2299 2296
f 2284 2229 2394
f 2394 2229 2360
f 2394 2360 2395
f 2395 2360 2361
f 2395 2361 2363
f 2395 2363 2396
f 2396 2363 2365
f 2396 2365 2397
f 2396 2397 2398
f 2398 2397 2399
f 2398 2399 2400
f 2291 2401 2400
f 2400 2401 2402
f 2400 2402 2398
f 2398 2402 2395
f 2398 2395 2396
f 2291 2289 2401
f 2401 2289 2287
f 2401 2287 2402
f 2402 2287 2403
f 2402 2403 2394
f 2394 2403 2284
f 2287 2284 2403
f 2395 2402 2394
f 2232 2230 2404
f 2404 2230 2405
f 2404 2405 2406
f 2406 2407 2404
f 2404 2407 2408
f 2404 2408 2232
f 2232 2408 2234
f 2234 2408 2409
f 2234 2409 2236
f 2236 2409 1976
f 2236 1976 1978
f 2407 2410 2408
f 2408 2410 2409
f 1973 1975 2410
f 2410 1975 2409
f 1975 1976 2409
f 2248 2411 2247
f 2247 2411 2412
f 2247 2412 2246
f 2246 2412 2249
f 2249 2412 2413
f 2249 2413 2270
f 2270 2413 2414
f 2270 2414 2271
f 2271 2414 2415
f 2271 2415 2254
f 2254 2415 2416
f 2254 2416 2253
f 2253 2416 221
f 2253 221 222
f 840 841 2417
f 2417 841 2418
f 2417 2418 2419
f 2419 2418 2420
f 2419 2420 2421
f 2421 2420 2422
f 2421 2422 1972
f 1972 2422 2423
f 1972 2423 1974
f 1974 2423 1977
f 2420 2423 2422
f 1972 1970 2421
f 2421 1970 2424
f 2421 2424 2417
f 2417 2424 2425
f 2417 2425 840
f 840 2425 839
f 839 2425 2426
f 839 2426 366
f 366 2426 365
f 365 2426 2427
f 365 2427 364
f 364 2427 359
f 359 2427 1966
f 1966 2427 2428
f 1966 2428 1968
f 1968 2428 2424
f 1968 2424 1970
f 2419 2421 2417
f 2426 2425 2428
f 2428 2425 2424
f 2427 2426 2428
f 327 331 844
f 844 331 2429
f 2429 331 330
f 2429 330 2430
f 2430 330 329
f 2430 329 328
f 315 341 328
f 328 341 2430
f 2411 2431 2412
f 2412 2431 2432
f 2412 2432 2413
f 2413 2432 2433
f 2413 2433 2414
f 2414 2433 2434
f 2414 2434 2415
f 2415 2434 2435
f 2415 2435 2416
f 2416 2435 2436
f 2416 2436 221
f 221 2436 923
f 923 2436 2437
f 923 2437 922
f 922 2437 826
f 826 2437 827
f 827 2437 2438
f 827 2438 829
f 829 2438 2439
f 829 2439 830
f 830 2439 2440
f 2440 2439 2441
f 2440 2441 2442
f 2442 2441 2433
f 2442 2433 2432
f 2431 2442 2432
f 2434 2433 2441
f 2435 2434 2439
f 2439 2434 2441
f 2436 2435 2438
f 2438 2435 2439
f 2437 2436 2438
f 2443 2444 2291
f 2291 2444 2445
f 2291 2445 2290
f 2290 2445 2446
f 2290 2446 2411
f 2248 2275 2411
f 2411 2275 2280
f 2411 2280 2290
f 2365 2447 2397
f 2397 2447 2448
f 2397 2448 2399
f 2399 2448 2449
f 2399 2449 2400
f 2400 2449 2450
f 2400 2450 2291
f 2291 2450 2443
f 2451 2366 1977
f 1977 2366 2279
f 1977 2279 2237
f 2451 2452 2366
f 2366 2452 2453
f 2366 2453 2365
f 2365 2453 2454
f 2365 2454 2447
f 2237 1978 1977
f 2455 2454 2456
f 2456 2454 2453
f 2456 2453 2457
f 2457 2453 2452
f 2457 2452 2458
f 2458 2452 2459
f 2458 2459 2460
f 2460 2459 2461
f 2462 2463 2464
f 2465 2466 2467
f 2452 2451 2459
f 2459 2451 2468
f 2459 2468 2461
f 2461 2468 1977
f 2420 2469 2423
f 2423 2469 2470
f 2423 2470 2471
f 2471 2470 2472
f 2471 2472 2461
f 2461 2472 2460
f 2469 2420 2473
f 2473 2420 2418
f 2473 2418 2474
f 2474 2418 841
f 2474 841 2475
f 2474 2475 2476
f 2476 2475 2455
f 2476 2455 2477
f 2477 2455 2456
f 2477 2456 2478
f 2478 2456 2457
f 2478 2457 2479
f 2479 2457 2458
f 2479 2458 2460
f 2451 1977 2468
f 2461 1977 2471
f 2480 2423 2471
f 2473 2474 2476
f 2476 2477 2481
f 2481 2477 2478
f 2481 2478 2482
f 2482 2478 2479
f 2482 2479 2472
f 2472 2479 2460
f 2469 2473 2481
f 2481 2473 2476
f 2469 2481 2482
f 2470 2469 2482
f 2470 2482 2472
f 2447 2454 2483
f 2483 2454 2455
f 2483 2455 2484
f 2484 2455 2475
f 2484 2475 838
f 838 2475 841
f 2448 2447 2485
f 2485 2447 2483
f 2485 2483 2484
f 2485 2484 2486
f 2486 2484 838
f 2486 838 834
f 2486 834 2487
f 2487 834 833
f 2487 833 2488
f 2488 833 832
f 2488 832 2489
f 2489 832 831
f 2489 831 2490
f 2490 831 828
f 2490 2491 2489
f 2489 2491 2492
f 2489 2492 2488
f 2488 2492 2493
f 2488 2493 2487
f 2487 2493 2494
f 2487 2494 2486
f 2486 2494 2485
f 2491 2443 2492
f 2492 2443 2450
f 2492 2450 2493
f 2493 2450 2449
f 2493 2449 2494
f 2494 2449 2448
f 2494 2448 2485
f 2444 2443 2495
f 2495 2443 2491
f 2495 2491 2496
f 2496 2491 2490
f 2496 2490 830
f 830 2490 828
f 2445 2444 2497
f 2497 2444 2495
f 2497 2495 2498
f 2498 2495 2499
f 2498 2499 2500
f 2500 2499 2501
f 2500 2501 2502
f 2502 2501 2503
f 2502 2503 2504
f 2504 2503 2505
f 2504 2505 2411
f 2495 2496 2499
f 2499 2496 2506
f 2499 2506 2501
f 2501 2506 2507
f 2501 2507 2503
f 2503 2507 2508
f 2503 2508 2505
f 2505 2508 2509
f 2505 2509 2411
f 2496 830 2506
f 2506 830 2440
f 2506 2440 2507
f 2507 2440 2442
f 2507 2442 2508
f 2508 2442 2431
f 2508 2431 2509
f 2509 2431 2411
f 2445 2510 2446
f 2446 2510 2511
f 2446 2511 2512
f 2512 2511 2502
f 2512 2502 2504
f 2510 2445 2497
f 2504 2411 2512
f 2411 2446 2512
f 2510 2497 2498
f 2510 2498 2500
f 2511 2510 2500
f 2511 2500 2502
f 2513 2514 230
f 230 2514 2515
f 230 2515 231
f 231 2515 232
f 232 2515 2516
f 2516 2515 2517
f 2516 2517 2518
f 2518 2517 2519
f 2518 2519 2520
f 2520 2519 2521
f 2520 2521 2522
f 2522 2521 2523
f 2522 2523 2524
f 2514 2513 2525
f 2525 2513 2526
f 2525 2526 2519
f 2519 2526 2527
f 2519 2527 2521
f 2521 2527 2523
f 2528 2529 2530
f 2522 2531 2520
f 2520 2531 2532
f 2520 2532 2518
f 2518 2532 2533
f 2518 2533 2516
f 2531 2534 2532
f 2532 2534 2533
f 2534 2079 2533
f 2525 2519 2517
f 2514 2525 2515
f 2515 2525 2517
f 233 232 2535
f 2535 232 2516
f 2535 2516 2536
f 2536 2516 2533
f 2536 2533 2078
f 2078 2533 2079
f 233 2535 226
f 226 2535 2537
f 226 2537 225
f 225 2537 2538
f 225 2538 224
f 224 2538 2539
f 224 2539 223
f 223 2539 2540
f 223 2540 2541
f 2541 2540 2542
f 2541 2542 2543
f 2543 2542 2544
f 2543 2544 2545
f 2545 2544 2546
f 2545 2546 2547
f 2547 2546 2252
f 2548 2252 2549
f 2536 2550 2535
f 2535 2550 2551
f 2535 2551 2537
f 2537 2551 2538
f 2550 2536 2552
f 2552 2536 2078
f 2552 2078 2265
f 2552 2265 2553
f 2553 2265 2264
f 2553 2264 2554
f 2554 2263 2252
f 2554 2252 2546
f 2548 2549 2545
f 2545 222 2543
f 2543 222 2541
f 222 223 2541
f 2550 2552 2555
f 2555 2552 2553
f 2555 2553 2556
f 2556 2553 2554
f 2556 2554 2544
f 2544 2554 2546
f 2551 2550 2557
f 2557 2550 2555
f 2557 2555 2558
f 2558 2555 2556
f 2558 2556 2542
f 2542 2556 2544
f 2539 2538 2557
f 2557 2538 2551
f 2539 2557 2558
f 2540 2539 2558
f 2540 2558 2542
f 2559 2560 2561
f 2562 2563 2564
f 2562 2564 2565
f 2565 2564 2566
f 2566 2564 2406
f 2566 2406 2405
f 2567 2568 2569
f 2569 2568 2570
f 2569 2570 2563
f 2563 2570 2564
f 2571 2572 2573
f 2573 2572 2574
f 2573 2574 2575
f 2575 2574 2570
f 2576 1965 2571
f 2571 1965 1967
f 2571 1967 2572
f 2572 1967 2574
f 2576 358 1965
f 1967 1969 2574
f 2574 1969 2577
f 2574 2577 2570
f 2570 2577 2578
f 2570 2578 2564
f 2564 2578 2406
f 1969 1971 2577
f 2577 1971 2579
f 2577 2579 2578
f 2578 2579 2407
f 2578 2407 2406
f 1971 1973 2579
f 2579 1973 2410
f 2579 2410 2407
f 2562 2565 2580
f 2580 2565 2581
f 2581 2565 2566
f 2581 2566 2582
f 2582 2566 2405
f 2583 2584 2585
f 2585 2584 2586
f 2585 2586 2587
f 2585 2587 2588
f 2588 2587 2589
f 2588 2589 2581
f 2581 2589 2580
f 2581 2582 2588
f 2588 2582 2405
f 2588 2405 2590
f 2590 2405 2230
f 2590 2230 2591
f 2591 2230 2097
f 2591 2097 2592
f 2592 2097 2099
f 2592 2099 2593
f 2593 2099 2100
f 2593 2100 2594
f 2594 2100 2101
f 2594 2101 2595
f 2595 2101 2102
f 2595 2102 2302
f 2595 2302 2596
f 2596 2302 2295
f 2596 2295 2294
f 2596 2294 2597
f 2597 2294 2293
f 2597 2293 2598
f 2598 2293 2292
f 2598 2292 2599
f 2599 2292 2091
f 2599 2091 2093
f 2599 2093 2600
f 2600 2093 2094
f 2600 2094 2601
f 2601 2094 2095
f 2601 2095 2602
f 2602 2095 2096
f 2602 2096 2313
f 2602 2313 2603
f 2603 2313 2306
f 2603 2306 2604
f 2604 2306 2305
f 2604 2305 2605
f 2605 2305 2304
f 2605 2304 2303
f 2605 2303 2606
f 2606 2303 2085
f 2606 2085 2087
f 2606 2087 2607
f 2607 2087 2088
f 2607 2088 2608
f 2608 2088 2089
f 2608 2089 2609
f 2609 2089 2090
f 2609 2090 2610
f 2610 2090 2240
f 2610 2240 2611
f 2611 2240 2084
f 2611 2084 2612
f 2612 2084 2083
f 2612 2083 2081
f 2079 2534 2081
f 2081 2534 2612
f 2534 2531 2612
f 2612 2531 2613
f 2612 2613 2611
f 2611 2613 2614
f 2611 2614 2610
f 2610 2614 2615
f 2610 2615 2609
f 2609 2615 2616
f 2609 2616 2608
f 2608 2616 2617
f 2608 2617 2607
f 2607 2617 2618
f 2607 2618 2606
f 2606 2618 2619
f 2606 2619 2605
f 2605 2619 2620
f 2605 2620 2604
f 2604 2620 2621
f 2604 2621 2603
f 2603 2621 2622
f 2603 2622 2602
f 2602 2622 2623
f 2602 2623 2601
f 2601 2623 2624
f 2601 2624 2600
f 2600 2624 2625
f 2600 2625 2599
f 2599 2625 2626
f 2599 2626 2598
f 2598 2626 2627
f 2598 2627 2597
f 2597 2627 2628
f 2597 2628 2596
f 2596 2628 2629
f 2596 2629 2595
f 2595 2629 2630
f 2595 2630 2594
f 2594 2630 2631
f 2594 2631 2593
f 2593 2631 2632
f 2593 2632 2592
f 2592 2632 2633
f 2592 2633 2591
f 2591 2633 2634
f 2591 2634 2590
f 2590 2634 2635
f 2590 2635 2588
f 2588 2635 2585
f 2531 2522 2613
f 2613 2522 2524
f 2613 2524 2636
f 2613 2636 2614
f 2614 2636 2637
f 2614 2637 2615
f 2615 2637 2638
f 2615 2638 2616
f 2616 2638 2639
f 2616 2639 2617
f 2617 2639 2640
f 2617 2640 2618
f 2618 2640 2641
f 2618 2641 2619
f 2619 2641 2642
f 2619 2642 2620
f 2620 2642 2621
f 2642 2643 2621
f 2621 2643 2622
f 2643 2644 2622
f 2622 2644 2623
f 2644 2645 2623
f 2623 2645 2624
f 2645 2646 2624
f 2624 2646 2625
f 2646 2647 2625
f 2625 2647 2626
f 2647 2648 2626
f 2626 2648 2627
f 2648 2649 2627
f 2627 2649 2628
f 2649 2650 2628
f 2628 2650 2629
f 2629 2650 2630
f 2630 2650 2651
f 2630 2651 2631
f 2631 2651 2652
f 2631 2652 2632
f 2632 2652 2653
f 2632 2653 2633
f 2633 2653 2654
f 2633 2654 2634
f 2634 2654 2655
f 2634 2655 2635
f 2635 2655 2583
f 2635 2583 2585
f 2225 2583 2184
f 2184 2583 2655
f 2184 2655 2182
f 2182 2655 2654
f 2182 2654 2188
f 2188 2654 2653
f 2188 2653 2190
f 2190 2653 2652
f 2190 2652 2192
f 2192 2652 2651
f 2192 2651 2194
f 2194 2651 2650
f 2194 2650 2196
f 2196 2650 2649
f 2196 2649 2199
f 2199 2649 2648
f 2199 2648 2201
f 2201 2648 2647
f 2201 2647 2203
f 2203 2647 2646
f 2203 2646 2205
f 2205 2646 2645
f 2205 2645 2208
f 2208 2645 2644
f 2208 2644 2209
f 2209 2644 2643
f 2209 2643 2159
f 2159 2643 2642
f 2159 2642 2157
f 2157 2642 2641
f 2157 2641 2155
f 2155 2641 2640
f 2155 2640 2154
f 2154 2640 2639
f 2154 2639 2210
f 2210 2639 2638
f 2210 2638 2212
f 2212 2638 2637
f 2212 2637 2214
f 2214 2637 2636
f 2214 2636 2217
f 2217 2636 2524
f 2217 2524 2523
f 2223 2656 2225
f 2225 2656 2584
f 2225 2584 2583
f 2221 2657 2223
f 2223 2657 2658
f 2223 2658 2659
f 2659 2658 2660
f 2219 1990 2221
f 2221 1990 1989
f 2221 1989 1987
f 2217 2661 2219
f 2219 2661 2662
f 2219 2662 2663
f 2523 2661 2217
f 2663 2664 2219
f 2219 2664 2665
f 2219 2665 1990
f 1987 1986 2221
f 2221 1986 1985
f 2221 1985 1983
f 1983 2657 2221
f 2659 2666 2223
f 2223 2666 2667
f 2223 2667 2656
f 2562 2580 2668
f 2668 2580 2669
f 2668 2669 2670
f 2670 2669 2671
f 2670 2671 360
f 360 2671 361
f 2670 360 2672
f 2672 360 353
f 2672 353 354
f 2672 354 2673
f 2673 354 355
f 2673 355 2674
f 2674 355 356
f 2674 356 2675
f 2675 356 357
f 2675 357 2676
f 2676 357 358
f 2571 2677 2576
f 2678 2679 2680
f 2681 2682 2683
f 2677 2571 2684
f 2684 2571 2573
f 2684 2573 2685
f 2685 2573 2569
f 2685 2569 2686
f 2686 2569 2562
f 2686 2562 2668
f 2686 2668 2687
f 2687 2668 2670
f 2687 2670 2688
f 2688 2670 2672
f 2688 2672 2673
f 2689 2690 2691
f 2692 2693 2694
f 2676 358 2576
f 2685 2686 2687
f 2687 2688 2695
f 2695 2688 2696
f 2695 2696 2697
f 2697 2696 2698
f 2697 2698 2699
f 2699 2698 2700
f 2699 2700 2676
f 2701 2702 2703
f 2698 2696 2673
f 2673 2696 2688
f 2684 2685 2695
f 2695 2685 2687
f 2684 2695 2697
f 2700 2698 2674
f 2674 2698 2673
f 2677 2684 2697
f 2677 2697 2699
f 2676 2700 2675
f 2675 2700 2674
f 2704 2705 2706
f 2576 2677 2699
f 2576 2699 2676
f 2584 2656 2586
f 2586 2656 2707
f 2586 2707 2708
f 2708 2707 2709
f 2708 2709 2710
f 2710 2709 2711
f 2710 2711 2712
f 2712 2711 2713
f 2712 2713 2714
f 2714 2713 2715
f 2714 2715 2669
f 2669 2715 2671
f 2671 2715 2716
f 2671 2716 2717
f 2717 2716 2718
f 2717 2718 362
f 362 2718 2719
f 362 2719 363
f 363 2719 2720
f 2720 2719 2721
f 2720 2721 2722
f 2722 2721 2709
f 2722 2709 2707
f 2656 2722 2707
f 362 361 2717
f 2717 361 2671
f 2669 2580 2714
f 2714 2580 2589
f 2714 2589 2712
f 2712 2589 2587
f 2712 2587 2710
f 2710 2587 2708
f 2587 2586 2708
f 2713 2711 2721
f 2721 2711 2709
f 2721 2719 2723
f 2723 2719 2718
f 2723 2718 2716
f 2716 2715 2723
f 2723 2715 2713
f 2723 2713 2721
f 1991 2724 1979
f 1979 2724 346
f 1979 346 352
f 1979 1981 1991
f 2725 2726 1730
f 1730 2726 1728
f 1730 1728 1717
f 2725 2727 2726
f 2726 2728 1728
f 1728 2728 1750
f 1750 2728 2729
f 1750 2729 2730
f 2731 2732 2728
f 2728 2732 2729
f 2733 2734 2735
f 2735 2734 585
f 2735 585 2736
f 2736 585 586
f 2736 586 587
f 2736 587 2737
f 2737 587 588
f 2737 588 589
f 2737 589 2738
f 2738 589 2739
f 2738 2739 2740
f 1784 1792 1785
f 1785 1792 2741
f 1785 2741 2742
f 1834 1779 2742
f 2742 1779 1780
f 2742 1780 1785
f 1791 2743 1792
f 1792 2743 2744
f 2744 2743 2745
f 2744 2745 2746
f 2744 2746 2747
f 2747 2746 2748
f 2747 2748 2749
f 2749 2750 2747
f 2747 2750 2751
f 2751 2750 2752
f 2751 2752 1991
f 1991 2752 2724
f 1836 1834 2753
f 2753 1834 2742
f 2753 2742 2754
f 2754 2742 2755
f 2754 2755 2756
f 2756 2755 2757
f 2756 2757 2758
f 2758 2757 2759
f 2758 2759 1992
f 1992 2759 1991
f 1991 2759 2751
f 2751 2759 2760
f 2751 2760 2747
f 2747 2760 2744
f 2744 2760 2761
f 2744 2761 1792
f 1792 2761 2741
f 2741 2761 2755
f 2741 2755 2742
f 1992 1994 2758
f 2758 1994 2762
f 2758 2762 2756
f 2756 2762 2763
f 2756 2763 2754
f 2754 2763 2753
f 2762 1994 2764
f 2764 1994 1830
f 2764 1830 1835
f 2764 1835 2763
f 2763 1835 1836
f 2763 1836 2753
f 2757 2755 2761
f 2757 2761 2760
f 2759 2757 2760
f 2764 2763 2762
f 2017 2041 2018
f 2018 2041 2034
f 2765 2023 2025
f 2025 2023 2024
f 2766 2767 2015
f 2015 2767 2016
f 2727 2725 2768
f 2768 2725 2769
f 2768 2769 2770
f 2770 2769 2771
f 2770 2771 2017
f 2017 2771 2041
f 1748 1838 1749
f 1749 1838 2772
f 1749 2772 1729
f 1729 2772 2773
f 1729 2773 1730
f 1730 2773 2725
f 2039 2041 2774
f 2774 2041 2771
f 2774 2771 2775
f 2775 2771 2769
f 2775 2769 2776
f 2776 2769 2777
f 2776 2777 2778
f 2778 2777 2772
f 2778 2772 1838
f 2769 2725 2777
f 2777 2725 2773
f 2777 2773 2772
f 1838 1837 2778
f 2778 1837 2779
f 2778 2779 2776
f 2776 2779 2775
f 1837 1833 2779
f 2779 1833 2780
f 2779 2780 2775
f 2775 2780 2774
f 1833 1832 2780
f 2780 1832 2781
f 2780 2781 2774
f 2774 2781 2039
f 1832 1831 2781
f 2781 1831 2037
f 2781 2037 2039
f 2726 2727 2782
f 2782 2727 2783
f 2782 2783 2784
f 2784 2783 2785
f 2784 2785 2786
f 2786 2785 2023
f 2786 2023 2765
f 2770 2017 2787
f 2787 2017 2019
f 2787 2019 2021
f 2787 2021 2788
f 2788 2021 2023
f 2788 2023 2785
f 2788 2785 2789
f 2789 2785 2783
f 2789 2783 2727
f 2789 2727 2790
f 2790 2727 2768
f 2790 2768 2770
f 2790 2770 2787
f 2789 2790 2787
f 2788 2789 2787
f 2767 2766 2791
f 2791 2766 2792
f 2791 2792 2793
f 2793 2792 2794
f 2793 2794 2782
f 2782 2794 2728
f 2782 2728 2726
f 2795 2796 2797
f 2797 2796 2798
f 2798 2796 2799
f 2798 2799 2800
f 2800 2799 2801
f 2795 2802 2803
f 2803 2802 2804
f 2803 2804 2805
f 2805 2804 2806
f 2806 2804 2807
f 2806 2807 2808
f 2808 2807 2809
f 2808 2809 2810
f 2810 2809 2811
f 2810 2811 2812
f 2812 2811 2813
f 2812 2813 2814
f 2814 2813 2815
f 2815 2813 2816
f 2815 2816 2817
f 2817 2816 2818
f 2817 2818 2819
f 2819 2818 2820
f 2819 2820 2821
f 2821 2820 2822
f 2822 2820 2823
f 2823 2820 2824
f 2823 2824 2825
f 2825 2824 2826
f 2825 2826 2827
f 2827 2826 2828
f 2827 2828 2829
f 2829 2828 2830
f 2829 2830 2831
f 2802 2795 2832
f 2832 2795 2797
f 2832 2797 2833
f 2833 2797 2798
f 2833 2798 2834
f 2834 2798 2800
f 2834 2835 2833
f 2833 2835 2836
f 2833 2836 2832
f 2832 2836 2837
f 2832 2837 2802
f 2802 2837 2838
f 2802 2838 2804
f 2804 2838 2839
f 2804 2839 2807
f 2807 2839 2840
f 2807 2840 2809
f 2809 2840 2841
f 2809 2841 2811
f 2811 2841 2842
f 2811 2842 2813
f 2813 2842 2843
f 2813 2843 2816
f 2816 2843 2844
f 2816 2844 2818
f 2818 2844 2845
f 2818 2845 2820
f 2820 2845 2846
f 2820 2846 2824
f 2824 2846 2847
f 2824 2847 2826
f 2826 2847 2828
f 2835 2848 2836
f 2836 2848 2849
f 2836 2849 2837
f 2837 2849 2850
f 2837 2850 2838
f 2838 2850 2851
f 2838 2851 2839
f 2839 2851 2852
f 2839 2852 2840
f 2840 2852 2853
f 2840 2853 2841
f 2841 2853 2854
f 2841 2854 2842
f 2842 2854 2855
f 2842 2855 2843
f 2843 2855 2856
f 2843 2856 2844
f 2844 2856 2845
f 2848 2857 2849
f 2856 2858 2845
f 2845 2858 2846
f 2858 2859 2846
f 2846 2859 2847
f 2859 2860 2847
f 2847 2860 2828
f 2860 2830 2828
f 2829 2831 2861
f 2861 2831 2862
f 2861 2862 2863
f 2863 2862 2864
f 2863 2864 2865
f 2865 2864 2866
f 2865 2866 2867
f 2867 2866 2868
f 2867 2868 2869
f 2869 2868 2870
f 2870 2868 2871
f 2871 2868 2872
f 2871 2872 2873
f 2873 2872 2874
f 2873 2874 2875
f 2875 2874 2876
f 2875 2876 2877
f 2877 2876 2878
f 2878 2876 2879
f 2878 2879 2880
f 2880 2879 2881
f 2880 2881 2882
f 2882 2881 2883
f 2882 2883 2884
f 2884 2883 2885
f 2884 2885 2886
f 2864 2887 2866
f 2866 2887 2888
f 2866 2888 2868
f 2868 2888 2872
f 2887 2889 2888
f 2888 2889 2890
f 2888 2890 2872
f 2872 2890 2874
f 2889 2891 2890
f 2890 2891 2892
f 2890 2892 2874
f 2874 2892 2876
f 2891 2893 2892
f 2892 2893 2894
f 2892 2894 2876
f 2876 2894 2879
f 2893 2895 2894
f 2894 2895 2896
f 2894 2896 2879
f 2879 2896 2881
f 2895 2897 2896
f 2896 2897 2898
f 2896 2898 2881
f 2881 2898 2883
f 2897 2899 2898
f 2898 2899 2900
f 2898 2900 2883
f 2883 2900 2901
f 2883 2901 2885
f 2899 2902 2900
f 2900 2902 2903
f 2900 2903 2901
f 2869 2904 2867
f 2867 2904 2905
f 2867 2905 2865
f 2865 2905 2863
f 2904 2906 2905
f 2905 2906 2907
f 2905 2907 2863
f 2863 2907 2861
f 2906 2908 2907
f 2907 2908 2909
f 2907 2909 2861
f 2861 2909 2829
f 2908 2910 2909
f 2909 2910 2911
f 2909 2911 2912
f 2909 2912 2827
f 2827 2912 2825
f 2909 2827 2829
f 804 805 2055
f 2055 805 1853
f 2055 1853 2913
f 2055 2913 2056
f 2914 2913 2915
f 2914 2915 2916
f 2916 2915 987
f 987 2915 985
f 2917 2918 2857
f 2857 2918 2919
f 2857 2919 2849
f 2849 2919 2920
f 2849 2920 2850
f 2850 2920 2921
f 2850 2921 2851
f 2851 2921 2922
f 2851 2922 2852
f 2852 2922 2923
f 2852 2923 2853
f 2853 2923 2924
f 2853 2924 2854
f 2854 2924 2855
f 2855 2924 2925
f 2855 2925 2856
f 2856 2925 2926
f 2856 2926 2858
f 2858 2926 2927
f 2858 2927 2859
f 2859 2927 2928
f 2859 2928 2860
f 2860 2928 2929
f 2860 2929 2830
f 2830 2929 2930
f 2830 2930 2831
f 2831 2930 2931
f 2831 2931 2862
f 2862 2931 2932
f 2862 2932 2864
f 2864 2932 2933
f 2864 2933 2887
f 2887 2933 2934
f 2887 2934 2889
f 2889 2934 2935
f 2889 2935 2891
f 2891 2935 2936
f 2891 2936 2893
f 2893 2936 2937
f 2893 2937 2895
f 2895 2937 2938
f 2895 2938 2897
f 2897 2938 2939
f 2897 2939 2899
f 2899 2939 2940
f 2899 2940 2902
f 2902 2940 2941
f 2902 2941 2942
f 2942 2941 2943
f 2943 2941 2944
f 2944 2941 2945
f 2944 2945 2745
f 2745 2945 2746
f 2746 2945 2748
f 2748 2945 2749
f 2749 2945 2750
f 2750 2945 2752
f 2752 2945 2918
f 2752 2918 2946
f 2946 2918 2917
f 2947 2948 2949
f 2949 2948 2950
f 2951 2952 2953
f 2953 2952 2954
f 2805 2806 2955
f 2955 2806 2808
f 2955 2808 2810
f 2810 2812 2955
f 2822 2823 2956
f 2956 2823 2825
f 2956 2825 2912
f 2912 2911 2956
f 2870 2871 2957
f 2957 2871 2873
f 2957 2873 2875
f 2875 2877 2957
f 2958 2959 2886
f 2886 2959 2884
f 2884 2959 2960
f 2884 2960 2882
f 2882 2960 2880
f 486 487 2961
f 2961 487 2962
f 2961 2962 2963
f 2963 2962 2964
f 2963 2964 2965
f 2965 2964 2966
f 2965 2966 2967
f 2967 2966 2968
f 2967 2968 2969
f 2969 2968 2970
f 2969 2970 2971
f 2971 2970 2972
f 2972 2970 2973
f 2972 2973 2974
f 2975 2976 2977
f 2977 2976 2978
f 2977 2978 2979
f 2979 2978 2980
f 2979 2980 2981
f 2981 2980 2982
f 2981 2982 2983
f 2983 2982 2984
f 2983 2984 2985
f 2985 2984 2986
f 2986 2984 2987
f 2987 2984 2988
f 2987 2988 2989
f 2989 2988 2990
f 2989 2990 2991
f 2991 2990 2992
f 2991 2992 2993
f 2993 2992 2994
f 2993 2994 2995
f 2995 2994 2996
f 2996 2994 2997
f 2996 2997 2998
f 2998 2997 2999
f 2998 2999 3000
f 3000 2999 3001
f 3000 3001 3002
f 3002 3001 3003
f 3003 3001 3004
f 3003 3004 3005
f 3005 3004 3006
f 3005 3006 3007
f 3007 3006 3008
f 3008 3006 3009
f 3008 3009 3010
f 3010 3009 3011
f 3010 3011 3012
f 3012 3011 3013
f 3013 3011 3014
f 3013 3014 3015
f 3015 3014 3016
f 3015 3016 3017
f 3017 3016 3018
f 3017 3018 3019
f 3019 3018 3020
f 3020 3018 3021
f 3020 3021 3022
f 3022 3021 3023
f 3022 3023 3024
f 3024 3023 3025
f 3024 3025 3026
f 3026 3025 3027
f 3026 3027 3028
f 3028 3027 3029
f 3029 3027 3030
f 3030 3027 3031
f 3030 3031 3032
f 3032 3031 3033
f 3032 3033 3034
f 3034 3033 3035
f 3034 3035 3036
f 3036 3035 3037
f 3036 3037 3038
f 3038 3037 3039
f 3039 3037 3040
f 3039 3040 3041
f 3041 3040 3042
f 3041 3042 3043
f 3043 3042 2976
f 3043 2976 2975
f 2919 3044 2920
f 2920 3044 3045
f 2920 3045 3046
f 3046 3045 3006
f 3046 3006 3004
f 3044 2919 3047
f 3047 2919 2918
f 3047 2918 3048
f 3048 2918 2945
f 3048 2945 3049
f 3049 2945 2941
f 3049 2941 3050
f 3050 2941 2940
f 3050 2940 3051
f 3051 2940 2939
f 3051 2939 3052
f 3052 2939 3053
f 3052 3053 3025
f 3025 3053 3054
f 3025 3054 3027
f 3027 3054 3031
f 2939 2938 3053
f 3053 2938 3054
f 2938 2937 3054
f 3054 2937 3055
f 3054 3055 3031
f 3031 3055 3033
f 2937 2936 3055
f 3055 2936 3056
f 3055 3056 3033
f 3033 3056 3035
f 2936 2935 3056
f 3056 2935 3057
f 3056 3057 3035
f 3035 3057 3037
f 2935 2934 3057
f 3057 2934 3058
f 3057 3058 3037
f 3037 3058 3059
f 3037 3059 3040
f 3040 3059 3042
f 2934 2933 3058
f 3058 2933 3059
f 2933 2932 3059
f 3059 2932 3060
f 3059 3060 3042
f 3042 3060 2976
f 3060 2932 3061
f 3061 2932 2931
f 3061 2931 3062
f 3062 2931 2930
f 3062 2930 3063
f 3063 2930 2929
f 3063 2929 3064
f 3064 2929 2928
f 3064 2928 3065
f 3065 2928 2927
f 3065 2927 3066
f 3066 2927 2926
f 3066 2926 3067
f 3067 2926 3068
f 3067 3068 2992
f 2992 3068 2994
f 2926 2925 3068
f 3068 2925 3069
f 3068 3069 2994
f 2994 3069 2997
f 2925 2924 3069
f 3069 2924 3070
f 3069 3070 2997
f 2997 3070 2999
f 2924 2923 3070
f 3070 2923 3071
f 3070 3071 2999
f 2999 3071 3001
f 2923 2922 3071
f 3071 2922 3072
f 3071 3072 3001
f 3001 3072 3004
f 2922 2921 3072
f 3072 2921 3046
f 3072 3046 3004
f 2921 2920 3046
f 3006 3045 3009
f 3009 3045 3044
f 3009 3044 3011
f 3011 3044 3047
f 3011 3047 3014
f 3014 3047 3048
f 3014 3048 3016
f 3016 3048 3049
f 3016 3049 3018
f 3018 3049 3050
f 3018 3050 3021
f 3021 3050 3051
f 3021 3051 3023
f 3023 3051 3052
f 3023 3052 3025
f 3062 2978 3061
f 3061 2978 2976
f 3061 2976 3060
f 2978 3062 2980
f 2980 3062 3063
f 2980 3063 2982
f 2982 3063 3064
f 2982 3064 2984
f 2984 3064 3065
f 2984 3065 2988
f 2988 3065 3066
f 2988 3066 2990
f 2990 3066 3067
f 2990 3067 2992
f 3036 3073 3034
f 3034 3073 3032
f 3032 3073 3030
f 3030 3073 3029
f 2977 2979 3074
f 3074 2979 2981
f 3074 2981 2983
f 2983 2985 3074
f 2995 2996 3075
f 3075 2996 2998
f 3075 2998 3000
f 3000 3002 3075
f 3019 3076 3017
f 3017 3076 3015
f 3015 3076 3013
f 3013 3076 3012
f 2805 3077 2803
f 2803 3077 3078
f 3078 3077 3079
f 3078 3079 3080
f 3080 3079 3081
f 3080 3081 3082
f 3082 3081 3083
f 3082 3083 3084
f 3085 2878 3086
f 3086 2878 2880
f 3086 2880 3087
f 3087 3088 3086
f 3086 3088 3089
f 3086 3089 3085
f 3085 3089 3090
f 3090 3089 3091
f 3090 3091 3092
f 3092 3091 2972
f 3092 2972 2974
f 3088 3093 3089
f 3089 3093 3091
f 3093 2969 3091
f 3091 2969 2971
f 3091 2971 2972
f 2967 2969 3094
f 3094 2969 3093
f 3094 3093 3088
f 3094 3088 3095
f 3095 3088 3087
f 3095 3087 3096
f 3096 3087 2960
f 3096 2960 2959
f 3087 2880 2960
f 3096 2959 3097
f 3097 2959 2958
f 3097 2958 3098
f 3099 3100 3098
f 3098 3100 3101
f 3098 3101 3097
f 3097 3101 3096
f 486 3102 3099
f 3099 3102 3103
f 3099 3103 3100
f 3100 3103 3101
f 486 2961 3102
f 3102 2961 2963
f 3102 2963 3103
f 3103 2963 2965
f 3103 2965 3104
f 3104 2965 2967
f 3104 2967 3094
f 3104 3094 3095
f 3104 3095 3101
f 3101 3095 3096
f 3103 3104 3101
f 2877 2878 3105
f 3105 2878 3085
f 3105 3085 3106
f 3106 3085 3090
f 3106 3090 3107
f 3107 3090 3092
f 3107 3092 3108
f 3108 3092 2974
f 3109 3083 3110
f 3110 3083 3081
f 3110 3081 3111
f 3111 3081 3079
f 3111 3079 3112
f 3112 3079 3077
f 3112 3077 2955
f 2955 3077 2805
f 2957 2877 3113
f 3113 2877 3105
f 3113 3105 3114
f 3114 3105 3106
f 3114 3106 3115
f 3115 3106 3107
f 3115 3107 3116
f 3116 3107 3108
f 3002 3003 3075
f 3075 3003 3005
f 3075 3005 3117
f 3117 3005 3007
f 3117 3007 3118
f 3118 3007 3008
f 3118 3008 3076
f 3076 3008 3010
f 3076 3010 3012
f 3117 3118 3119
f 3119 3118 3120
f 3119 3120 3121
f 3121 3120 3122
f 3121 3122 3123
f 3123 3122 3124
f 2911 2910 2956
f 2956 2910 2908
f 2956 2908 3125
f 3125 2908 2906
f 3125 2906 3126
f 3126 2906 2904
f 3126 2904 2957
f 2957 2904 2869
f 2957 2869 2870
f 3125 3126 3127
f 3127 3126 3128
f 3127 3128 3129
f 3129 3128 3130
f 3129 3130 2951
f 2951 3130 2952
f 2812 2814 2955
f 2955 2814 2815
f 2955 2815 3131
f 3131 2815 2817
f 3131 2817 3132
f 3132 2817 2819
f 3132 2819 2956
f 2956 2819 2821
f 2956 2821 2822
f 3131 3132 3133
f 3133 3132 3134
f 3133 3134 3135
f 3135 3134 3136
f 3135 3136 2950
f 2950 3136 2949
f 2985 2986 3074
f 3074 2986 2987
f 3074 2987 3137
f 3137 2987 2989
f 3137 2989 3138
f 3138 2989 2991
f 3138 2991 3075
f 3075 2991 2993
f 3075 2993 2995
f 3137 3138 3139
f 3139 3138 3140
f 3139 3140 3141
f 3141 3140 3142
f 3141 3142 2947
f 2947 3142 2948
f 3036 3038 3073
f 3073 3038 3039
f 3073 3039 3143
f 3143 3039 3041
f 3143 3041 3144
f 3144 3041 3043
f 3144 3043 3074
f 3074 3043 2975
f 3074 2975 2977
f 3143 3144 3145
f 3145 3144 3146
f 3145 3146 3147
f 3147 3146 3148
f 3147 3148 2954
f 2954 3148 2953
f 2947 2949 3149
f 3149 2949 3150
f 3149 3150 3151
f 3151 3150 3152
f 3151 3152 3153
f 3153 3152 3154
f 3153 3154 2953
f 2953 3154 2951
f 3144 3074 3155
f 3155 3074 3137
f 3155 3137 3156
f 3156 3137 3139
f 3156 3139 3141
f 2947 3157 3141
f 3141 3157 3158
f 3141 3158 3156
f 3156 3158 3159
f 3156 3159 3155
f 3155 3159 3144
f 2947 3149 3157
f 3157 3149 3160
f 3157 3160 3158
f 3158 3160 3161
f 3158 3161 3159
f 3159 3161 3148
f 3159 3148 3146
f 3149 3151 3160
f 3160 3151 3153
f 3160 3153 3161
f 3161 3153 2953
f 3161 2953 3148
f 3146 3144 3159
f 3132 2956 3162
f 3162 2956 3125
f 3162 3125 3163
f 3163 3125 3127
f 3163 3127 3129
f 3163 3129 3164
f 3164 3129 2951
f 3164 2951 3154
f 3164 3154 3165
f 3165 3154 3152
f 3165 3152 3150
f 2949 3166 3150
f 3150 3166 3167
f 3150 3167 3165
f 3165 3167 3163
f 3165 3163 3164
f 2949 3136 3166
f 3166 3136 3168
f 3166 3168 3167
f 3167 3168 3162
f 3167 3162 3163
f 3136 3134 3168
f 3168 3134 3132
f 3168 3132 3162
f 3019 3020 3076
f 3076 3020 3022
f 3076 3022 3169
f 3169 3022 3024
f 3169 3024 3170
f 3170 3024 3026
f 3170 3026 3073
f 3073 3026 3028
f 3073 3028 3029
f 3169 3170 3171
f 3171 3170 3172
f 3171 3172 3173
f 3173 3172 3174
f 3173 3174 3175
f 3175 3174 3176
f 3116 3176 3177
f 3177 3176 3178
f 3177 3178 3179
f 3179 3178 3180
f 3179 3180 3181
f 3181 3180 3182
f 3181 3182 2952
f 2952 3182 2954
f 3170 3073 3183
f 3183 3073 3143
f 3183 3143 3184
f 3184 3143 3145
f 3184 3145 3147
f 3184 3147 3185
f 3185 3147 2954
f 3185 2954 3182
f 3185 3182 3186
f 3186 3182 3180
f 3186 3180 3178
f 3176 3187 3178
f 3178 3187 3188
f 3178 3188 3186
f 3186 3188 3184
f 3186 3184 3185
f 3176 3174 3187
f 3187 3174 3172
f 3187 3172 3188
f 3188 3172 3189
f 3188 3189 3183
f 3183 3189 3170
f 3172 3170 3189
f 3184 3188 3183
f 2950 2948 3190
f 3190 2948 3191
f 3190 3191 3192
f 3192 3191 3193
f 3192 3193 3194
f 3194 3193 3195
f 3194 3195 3109
f 3109 3195 3123
f 3138 3075 3196
f 3196 3075 3117
f 3196 3117 3197
f 3197 3117 3119
f 3197 3119 3121
f 3197 3121 3198
f 3198 3121 3123
f 3198 3123 3195
f 3198 3195 3199
f 3199 3195 3193
f 3199 3193 3191
f 2948 3200 3191
f 3191 3200 3201
f 3191 3201 3199
f 3199 3201 3197
f 3199 3197 3198
f 2948 3142 3200
f 3200 3142 3202
f 3200 3202 3201
f 3201 3202 3196
f 3201 3196 3197
f 3142 3140 3202
f 3202 3140 3138
f 3202 3138 3196
f 3126 2957 3203
f 3203 2957 3113
f 3203 3113 3204
f 3204 3113 3114
f 3204 3114 3115
f 3116 3205 3115
f 3115 3205 3206
f 3115 3206 3204
f 3204 3206 3207
f 3204 3207 3203
f 3203 3207 3126
f 3116 3177 3205
f 3205 3177 3179
f 3205 3179 3206
f 3206 3179 3208
f 3206 3208 3209
f 3209 3208 3181
f 3209 3181 2952
f 3179 3181 3208
f 2952 3130 3209
f 3209 3130 3207
f 3209 3207 3206
f 3130 3128 3207
f 3207 3128 3126
f 3112 2955 3210
f 3210 2955 3131
f 3210 3131 3211
f 3211 3131 3133
f 3211 3133 3135
f 2950 3212 3135
f 3135 3212 3213
f 3135 3213 3211
f 3211 3213 3214
f 3211 3214 3210
f 3210 3214 3112
f 2950 3190 3212
f 3212 3190 3215
f 3212 3215 3213
f 3213 3215 3216
f 3213 3216 3214
f 3214 3216 3110
f 3214 3110 3111
f 3190 3192 3215
f 3215 3192 3194
f 3215 3194 3216
f 3216 3194 3109
f 3216 3109 3110
f 3111 3112 3214
f 3118 3076 3217
f 3217 3076 3169
f 3217 3169 3218
f 3218 3169 3171
f 3218 3171 3173
f 3218 3173 3219
f 3219 3173 3175
f 3219 3175 3220
f 3219 3220 3221
f 3221 3220 3222
f 3221 3222 3223
f 3124 3224 3223
f 3223 3224 3225
f 3223 3225 3221
f 3221 3225 3218
f 3221 3218 3219
f 3124 3122 3224
f 3224 3122 3226
f 3224 3226 3225
f 3225 3226 3217
f 3225 3217 3218
f 3122 3120 3226
f 3226 3120 3118
f 3226 3118 3217
f 2795 2803 3227
f 3227 2803 3228
f 3227 3228 3229
f 3229 3228 3230
f 3229 3230 3231
f 3231 3230 3232
f 3231 3232 3233
f 3233 3232 3234
f 3234 3232 3084
f 3084 3232 3082
f 3082 3232 3080
f 3080 3232 3230
f 3080 3230 3078
f 3078 3230 3228
f 3078 3228 2803
f 3233 3235 3231
f 2795 3227 2796
f 2796 3227 3236
f 2796 3236 2799
f 2799 3236 3237
f 2799 3237 2801
f 2801 3237 3238
f 3238 3237 3239
f 3238 3239 3240
f 3240 3239 3241
f 3240 3241 3242
f 3242 3241 3243
f 3242 3243 3244
f 3227 3229 3236
f 3236 3229 3245
f 3236 3245 3237
f 3237 3245 3239
f 3229 3231 3245
f 3245 3231 3246
f 3245 3246 3239
f 3239 3246 3241
f 3231 3235 3246
f 3246 3235 3247
f 3246 3247 3241
f 3241 3247 3243
f 3242 3244 3248
f 3248 3244 3249
f 3248 3249 342
f 342 343 3248
f 3248 343 3242
f 3242 343 3240
f 3240 3250 3238
f 851 850 3251
f 3251 850 3252
f 3251 3252 3253
f 3253 3252 3254
f 3253 3254 3255
f 3255 3254 3256
f 3255 3256 2968
f 2968 3256 3257
f 2968 3257 2970
f 2970 3257 2973
f 3254 3257 3256
f 2968 2966 3255
f 3255 2966 3258
f 3255 3258 3251
f 3251 3258 3259
f 3251 3259 851
f 851 3259 803
f 803 3259 3260
f 803 3260 495
f 495 3260 494
f 494 3260 3261
f 494 3261 493
f 493 3261 487
f 487 3261 2962
f 2962 3261 3262
f 2962 3262 2964
f 2964 3262 3258
f 2964 3258 2966
f 3253 3255 3251
f 3260 3259 3262
f 3262 3259 3258
f 3261 3260 3262
f 3084 3263 3234
f 3234 3263 3264
f 3234 3264 3233
f 3233 3264 3235
f 3235 3264 3265
f 3235 3265 3247
f 3247 3265 3266
f 3247 3266 3243
f 3243 3266 3267
f 3243 3267 3244
f 3244 3267 3268
f 3244 3268 3249
f 3249 3268 341
f 3249 341 342
f 3263 3269 3264
f 3264 3269 3270
f 3264 3270 3271
f 3271 3270 3272
f 3271 3272 3273
f 3273 3272 3274
f 3273 3274 3275
f 3275 3274 3276
f 3275 3276 3277
f 3277 3276 3278
f 3277 3278 3279
f 3279 3278 3280
f 3279 3280 2430
f 2430 3280 2429
f 2429 3280 844
f 844 3280 846
f 846 3280 3278
f 846 3278 847
f 847 3278 3276
f 847 3276 848
f 848 3276 3281
f 3281 3276 3274
f 3281 3274 3272
f 2430 341 3279
f 3279 341 3268
f 3279 3268 3277
f 3277 3268 3267
f 3277 3267 3275
f 3275 3267 3266
f 3275 3266 3273
f 3273 3266 3265
f 3273 3265 3271
f 3271 3265 3264
f 3282 3283 3124
f 3124 3283 3284
f 3124 3284 3123
f 3123 3284 3285
f 3123 3285 3286
f 3286 3263 3123
f 3123 3263 3109
f 3109 3263 3083
f 3083 3263 3084
f 3175 3287 3220
f 3220 3287 3288
f 3220 3288 3222
f 3222 3288 3289
f 3222 3289 3223
f 3223 3289 3290
f 3223 3290 3124
f 3124 3290 3282
f 3291 3176 2973
f 2973 3176 3116
f 2973 3116 3108
f 3291 3292 3176
f 3176 3292 3175
f 3175 3292 3293
f 3175 3293 3287
f 3108 2974 2973
f 3294 3293 3295
f 3295 3293 3292
f 3295 3292 3296
f 3296 3292 3291
f 3296 3291 3297
f 3297 3291 3298
f 3297 3298 3299
f 3299 3298 2973
f 3291 2973 3298
f 3254 3300 3257
f 3257 3300 3301
f 3257 3301 2973
f 3300 3254 3302
f 3302 3254 3252
f 3302 3252 3303
f 3303 3252 850
f 3303 850 3304
f 3303 3304 3305
f 3305 3304 3294
f 3305 3294 3306
f 3306 3294 3295
f 3306 3295 3307
f 3307 3295 3296
f 3307 3296 3308
f 3308 3296 3297
f 3308 3297 3299
f 3299 2973 3309
f 3309 2973 3301
f 3302 3303 3305
f 3305 3306 3310
f 3310 3306 3307
f 3310 3307 3311
f 3311 3307 3308
f 3311 3308 3309
f 3309 3308 3299
f 3300 3302 3310
f 3310 3302 3305
f 3300 3310 3311
f 3301 3300 3311
f 3301 3311 3309
f 3287 3293 3312
f 3312 3293 3294
f 3312 3294 3313
f 3313 3294 3304
f 3313 3304 849
f 849 3304 850
f 3288 3287 3314
f 3314 3287 3312
f 3314 3312 3313
f 3314 3313 3315
f 3315 3313 849
f 3315 849 837
f 3315 837 3316
f 3316 837 836
f 3316 836 3317
f 3317 836 835
f 3317 835 3318
f 3318 835 843
f 3318 843 3319
f 3319 843 845
f 3319 3320 3318
f 3318 3320 3321
f 3318 3321 3317
f 3317 3321 3322
f 3317 3322 3316
f 3316 3322 3323
f 3316 3323 3315
f 3315 3323 3314
f 3320 3282 3321
f 3321 3282 3290
f 3321 3290 3322
f 3322 3290 3289
f 3322 3289 3323
f 3323 3289 3288
f 3323 3288 3314
f 3283 3282 3324
f 3324 3282 3320
f 3324 3320 3325
f 3325 3320 3319
f 3325 3319 848
f 848 3319 845
f 3284 3283 3326
f 3326 3283 3324
f 3326 3324 3327
f 3327 3324 3328
f 3327 3328 3329
f 3329 3328 3330
f 3329 3330 3331
f 3331 3330 3332
f 3331 3332 3333
f 3333 3332 3334
f 3333 3334 3335
f 3336 3337 3338
f 3339 3340 3341
f 3324 3325 3328
f 3328 3325 3342
f 3328 3342 3330
f 3330 3342 3343
f 3330 3343 3332
f 3332 3343 3344
f 3332 3344 3334
f 3334 3344 3345
f 3334 3345 3335
f 3335 3345 3269
f 3335 3269 3263
f 3325 848 3342
f 3342 848 3281
f 3342 3281 3343
f 3343 3281 3272
f 3343 3272 3344
f 3344 3272 3270
f 3344 3270 3345
f 3345 3270 3269
f 3346 3347 3348
f 3349 3350 3351
f 3285 3352 3286
f 3286 3352 3353
f 3286 3353 3263
f 3284 3354 3285
f 3285 3354 3355
f 3285 3355 3352
f 3352 3355 3331
f 3352 3331 3333
f 3354 3284 3326
f 3335 3263 3353
f 3354 3326 3327
f 3354 3327 3329
f 3355 3354 3329
f 3355 3329 3331
f 3353 3352 3333
f 3353 3333 3335
